Proposer,Voters
0xaAFdbe6CE2eA8668118e3587725ad945B6e522C8
,0xBFeD0536C21fD60340Ab8059927dBAFEDEcbc137
,0x336f66c9049B03A6020514720fd90d77DA63c627
,0xDB74cd6B73EBB7F648feEbE16875cca49a146684
,0x7E05382A7463bffD77fd09B44Ed261Dd72D74AA1
,0xF2906F72563E69DF1a784b335de0dC15b3e3A784
,0x0dbaD0327be615BC216c99C0b3f7206131E2cC54
,0x73FB81c7f1896D35d33449acAed6E7DBff22e097
,0xFbFd9708E6B5c09d61819eB67AC6c15203B190Ca
,0x88D34E4820524e210Eb211eB31b09F3194429C0f
,0x70f110E1DD29dD7A697dDa4167C02253b5f702F7
,0xDB6302240d35D9154E681dA01FCAcC728CdEB96D
,0x966157d1828502d328E0BAFD73428e144567cfD2
,0xE678238EAb63163d7AC8a7ddCB649597CbE6CD63
,0x28098448872023Af0408a8FDD2Dc84F991f7A942
,0xd49D49a8C8e500F40a4bdE260678D116e4ae1bff
,0xAC5280D4886F0682B72EEF1A04efb33E85AC92CD
,0x158AC8B6c4bAC117Cf305aE5d61576913Addca48
,0xc22509bc7206FD93E1BF7e2318226Ad8F94B6891
,0x1E5C5286c2BE24257254eFbb38867708F00F50f3
,0x5daA9f78AEb6de580177c4E170FeDf15E4774c00
,0xec05cb9E2Cc38CD0cC9486409a8194ed7E0d6ed4
,0xd1C4fd4B8618B4b0E93Bc38bdF9189F2b0781329
,0xF39235F3A3083C2a7F2daA18422578038fF2f9DC
,0xA513eeCC335455ff60B0705A4Cfe7aece089A174
,0x7db490A3A98969237EB041CFb0AefADcBD1F7DAe
,0x3a09d509eBed5f9F0414a0FB43EA7E4EB94bf272
,0x97b43F9ec3e33BF78fc80BD88b066752B27c8b60
,0x5E7640D402A344c4552FD55C8465744f3bF2B2B5
,0x3129c6546e0Ba68C1370F1318BF3d4583ab50013
,0x47fF6c88dc4587e7985C58F6E50ef7e62b660143
,0xaEE106B7789c6FD0B78C92f6736a23347b3Cd35F
,0xe2E45EAF0076ee3844984989499ad6321c0eCa32
,0x0430c94Ce88A66325a2D1E3088797D4D229B2EBf
,0xDB9d3830Eb409f760Eee8D9C73c8782616e49Fbd
,0x265f8c3504cB0101473a9A8aF0B6e9E0B3c22617
,0x43D59B39673dd1E2214c02189f90758896fc3b75
,0x85c72BF480a60fb4AdB867874B73aAf67606c03A
,0x78247aC5c6847d7408ED3eb0Ad4916e53ef405F9
,0x91728f4747c56728456cd78eDCe832930A703cCb
,0x2C447250e242f1Dd67bc6278376ff9C354C35327
,0x870E47C81635AF2F12D7145A6F437830C97287E6
,0xD7981bd3dB4cA39fF55654d73B39b0FD5212D2D1
,0xb3803EFC8563B55fe07a1496628C6779b5055ef0
,0x5a2E58b38EEbF83E0212917ece6973289525cc66
,0xeD708d620517c463c5b3f77b5c20608296b3fd9C
,0xF259402e0409C5E2aa37649e745ca5B08997e5d7
,0x0366799ab0daa548e05b31c1dbde90aE87A60D03
,0x435CC93de49A231dd572311c9CECB92795B27537
,0xBb93Bd60F925B02fD6fcd727D571AF2d2d555E08
,0x8B24DBd143e4d3973706dE0117eFd41ae22863f5
,0x723c1ED068244befA25eCD261777cDFCC4a8e41D
,0x85a432c344eE57cb7Fe0631D2b75F53a1a105913
,0x70623990E7fca02da86Fd3f8BCd6B35a645e5756
,0x5274151d8322bC7c8768d414564e60C8fDcc0a8b
,0xf14364B58254a279afbB38e3Bc4ea951c6E7240E
,0x9267220d13E2C957e615B50b22Be593fAea0cF15
,0x7e04b71858941718E2fD1c63eB99899596d16DA8
,0xAea17AC94e09eC1A7CFD76C457F8B19f94e762B9
,0x2255C1AEDf2812cEe968509eBd7035762716e37E
,0x197E3Bb5a42871a6921cFFDB5C3A7B4f6D02729A
,0xf8035A401f3593a9871A1b1dcbF930012bE1ceF4
,0x5265d0b685CB25a2959361Bc99893C3e5B89035C
,0xf6B34077F3Ed2E2113A3ECD4460BbB8eF3295877
,0xF37aFCf0555aB5e660cBb2C336BBd4482ab5761a
,0x78519Ee7D50Af76b90370E9DCFd053115427B828
,0x185e3E3E08df011cC84Dd5bd8AeA389d5948fBff
,0x4854714C1f05434151a2a1128130bab2B103fA9f
,0x3F36c1d4f443E160BdA6AC6eB318aB7ACb03024a
,0x7B76E5E6383e489d529fD1206d4921527c155390
,0x609305EBa1D2029117b944DbEe062BfFc0788527
,0x9A69c3e36E28453edE750286Eba1eEB64e85BfC2
,0xd42C088D26a72EDbDD75cfDC3dFFFe3785CA5f96
,0xCd6017B229F07064BA8CD67CC95edA44962c3aB6
,0x913c1954F6C77c8ffb3F849C4DE78636545350B4
,0x092667BEAA1893B77C00925F9D96fD4016ccd489
,0xFc047A7DbEa678644fD108f0608C3Ded4c2C5E31
,0xB46d9F68EB4b7cb0c26EC7BDfa1Bdd45c143eDa7
,0x3582971e65BeFdf2a5db422D4038D2Eb188c01e2
,0x635B5f3aC6A0D4A478ceF73E2fdEF21a6eAD0db2
,0x0d0A8E7830a9110a9537944378661b0DcD1E34Fb
,0x6F3823Ca98174051C8B9BefF36Ae263B5E3a8DAD
,0x63dcfb982bA479F884BdF4EBE7c12AD88aB2d95e
,0x3DF12d8b1f1c1DB6742589b6Ca7EdAA6B4a6CB98
,0x23347Cb4cBBB7D4AB3738a04613Df6Bd27AA75A5
,0x6ECaCC16e2835902Dd52E9FbE6698018B295f6F5
,0x3106Bc041c6fe552C59d6c7e9dD0Ee8e5ee96359
,0x19822Fc49B7d2c229855453b851B89B17829eE64
,0x974378B133a4338f3D071C8689c173a31bBA3b36
,0xa382BB56dB82c6d914880CeA7762CE87b5095bB9
,0xD9e822397dAD1b7f237DA1140c3E96C8120b0c35
,0x18fe95ab2289Ef31f8C3560A572729cC12fb56Df
,0x0eFA0DDC8B809247446A605178B5e79ca504F0F5
,0x9eeA7Daf38c3ccA681808D7323e1d31c6AfCB536
,0xCBC848a7b12B149a0069D6c5C38d8e9321F8C5D5
,0x9744CAE0108e5506c801327B62b0C5BB274EC5dA
,0xA4C461180b1B2D06Ab979cDc59542dd61aEf27D3
,0x4b713c254aa08fD938D2E96db7Cd03Faf7D1b6ff
,0xB8d4467428Fc490657142D2a798aFEbB12F062e4
,0x762b86f85ff5C61C9bE8b3606ea4c02e26d66504
,0x17600664b369024504475d2B0A93A4Cc3D91614d
,0xbE549Bb63A6bD56908c5e5740d1e5bF5192d5e2d
,0xC0c3505c654678fE1Bf95a6f2D9Fd833f0dA0E25
,0xB2F3f70235Df15D7A95C5d10504B52091B36c0aA
,0x6696266f491b6Af7974F26f9D659671DDeF318Fd
,0xD2d25c03F2C1D3a70ac205b5474ffd878B1903A3
,0x9Cb48920F87bBb1FedBA7b86EeaFBA2F32E09001
,0x4F76b4077e171B26771200269E3d5D7a84752Cca
,0xeB29a76edbfDD659dC8A81BAC897C190686F0dC7
,0x35B602D67027c372C0962658417015a36101fF14
,0xd6B4384E856f2BF07dDf4991Cd3aEb84275BA31E
,0x421990d6363ee833c379385856CC428671A0657b
,0x94d1DC7D946CeA207b073B4F026Ca37B777fE73B
,0x50e4cfC1Ba8e45c63C2534B6B1d8d2Ee8814B1aa
,0xb6669fca0E0c32879fA208f99A4151965eB28787
,0x329A0B1C47C8D27378F74c74D177781654417025
,0xA286d5096e636603bB31dD764566dAc530d3c69D
,0xACbEcaD71Ba419D3Cff51C3A69563Be4d4645e55
,0x5dD59019cC69593030569A8d5Add020095E366E6
,0xca7356eB6564BAf4E2811A4Adabd56b5e63823ae
,0x9b172C1E45B98709124DfAC28DcaDA6476fbC1fA
,0x24Bb3d20e50054E9345c829f0D2082c679363F91
,0x2B8f8657cc7C30A333CD68Adc583523369351791
,0xC388de4D8BdBB204bfb1Fd946416a2Edd2341BcF
,0x21E75f7435176eE083254E3D2Cd01d91d09CC8E8
,0xCB6e4648a69F160FcF07992f85bccb76f21325Bf
,0x0a403b352E5130899A9056f9009646F1B43ce1f5
,0x443255AF0FFE8EC1634811B627571FDB1f1ac804
,0x1c669458A500FfD561d1268F16d8488e67D4D396
,0x15E7BefCf18D10563b1f4f5416C7163e879D9e19
,0x0FD4AbF853B051838A75CC9a3c5561264Dda28df
,0x1b1A2ba98371D9E6D08DD718615EC62956650F54
,0x8Eaf414804047e909471247c76266B7DF458265b
,0x15b41F9cf40E683772B182e73F2B42339Dd82BC6
,0x33aEdad9719B81D5AdBcDcB12933e58c658c5e12
,0x7bc09fAc465e9CA517a8b7722f22223dc726732e
,0x442724638E37a44B9C2382708e0dBCa700Fdfc8d
,0xbd6AD74308cB63BAE16E3A7C0D7597AAAeD4c09b
,0x2C2159525f73f8240B1E4FBD6c6D53D0Ab26a512
,0xb20e0763bCD3BA5Ed9aD9B4f55d97b34D4D3bcf7
,0x59E3209cbC12061D249bE3CB157A603c0bDc4128
,0xb85114287196183BE3bE968b8b2F0AfFcfF0DEB7
,0x84DF26b640239Ec5DdDadE55D53D2279376D10A9
,0x6AC26C55641Edd593c9B0243D5037237d7bC6D69
,0xc2531d608373D49c9C2C722229adDc42a201dF8f
,0x6A00B6Fb59809e2515612af627Ea0757F622bebd
,0xE0b4643bB55D533c2F22F9F3aB419AD19B5D9A72
,0xBD8E7a2eDD867EaFCE3a44A7442C30EBE4D26c96
,0xf5aE6399013647957c53F31313C32eB57d057eB7
,0xa51fAB99348B58082154A96FD2a7D92600a0E930
,0x9Ba0f1259a47B906a4f5b0e838eb98ccc1B8BA8e
,0x4E1b9c4488eB865De3c436F9e0306E55A69dC593
,0xC1D74654A45723C7Cf1C7041Ca27983B85c64534
,0xa87a36C6DC581e0f7b9637De0167C732f7B740cb
,0xbFA6Ce0a96C9dEd890A455b0f93c7Cf0d89b759D
,0xF4cF644d3EC327E7B5CCD881F0b118E6031E3EA1
,0x511e27f29c769De9D269b33F922B13823b800EB5
,0x3c8da5C181e9bFd2D003Cfbd14780029D21B4113
,0x7a13904c0254B00fFFD1C22Fa18b93158B6deFC0
,0xb8cD530F2E3d17f919618a99d07BA03057cE86fC
,0xb37b1fEfC0844aF3CBd6973D4beCb608643a9Ffe
,0x79Ebf881dDeD7c973D9a8E50E7070D01eF5266dA
,0x74Ed5a76cFdDa1E745ed19Ba75Db7481B003aa32
,0x3C1A7eE6B20667ea96452399Cc59693ed72FAe60
,0x43691088F9a99554a1088d3035225F883188c0b6
,0xD0d4bB2aD68E8dE249dbD7b8E742420689Ec9754
,0x9e49d191a6C95c8259d731F653A74D2D4E20Be69
,0x460225b9D95b3F123d23EDF020Ff137120D66A1A
,0x6Ddb7DB6EeABE99E9005B9370821ac3491d52a2D
,0x804Bc48c4BdA928E6f59224a2E4C10168E3b560d
,0x779C0Eb98bda25959c823e16000182f03900df37
,0x9889F3FcF711A8560e9C33d7815EAc2393237e69
,0xaAd86FC3C86080E77cf26BEe8bC2F5BA63F79abC
,0xE458c99B8101dF0857122d1114B2E113A2EbE15D
,0xE1E335719be7248E5557Bc453DC0Bd3D61f9Dea9
,0xE967475eeAad934AE8C2d282D02796f75aAdEb63
,0x81925c2bb24d6ce9Ca0d913bAb9612713eE2D1ad
,0x811bA4E6da51ABA2A2aB9044a7d79faF9Dd33010
,0xd52De5B40749bFeDa1ae41526c0868973452120a
,0xe0399b88C3AF9fa5AaDCA37bB13000de3E41A890
,0x998B04C88bA3A8cAEc78974d42039a7744E02fD3
,0x5c2B0609030590F8A8218F5a82A7D21eE7E7596E
,0xB53bB54045E1b55085f37e2d4454fB72d8a23d4E
,0x1786D033D5CbCC235B673e872c7613c2F83DA583
,0x5455AbF783C90b7CFB3006d499fFC043a70Da19c
,0x51Ed44315c4385d3Fe66a3664A74790237b4d749
,0x3A904dFb08c2796A0E5528D906aAb5d05FFDcDd6
,0x4Dd55D4a30533Be52B9931bf983Eb56d29E6507b
,0xf46FfF585954287da1A8f1c8A4C49B8190F22796
,0x86fC12d1abf58FF90cB18809F48560F1c62Bdc5A
,0xB7909A66288D94322B3740680779BB00cDdA77d0
,0x21bf7f44a4a336C58aDEd67C12f027D4C7e9F9EC
,0xe298357bBfA4273DC14bcFc4a7de15091649eC45
,0x2142675dE8456CE6fe92C0e3B5BdF014dE9E1F64
,0xE6f7b8b3Eeb4609d13B381273199138910404826
,0x22E78b2f58123BFF10Ba2431eB4eC2999FCc582D
,0x5B698ca20bF6bbd2ae39224dA52E6b7E5f9a917a
,0x51303855d56cCC90696E19F06c9D1853241BF961
,0x4c99CB95545E1F91C62910c144D32F7E44B923bd
,0x1554828F5a6D46Bb2295c4C1c92aB7839fbCbA7C
,0xdF9629DaAa0407F340ED5877c54078562d745D39
,0xa3e9B7e2Cc8Dd20837D97E53359584434BDB177A
,0x04A0264c74a89B8Dd00748C1ffA146436b0E2aD3
,0x6D120b5eD7a3527dCCA45687B38FaaE271d3a052
,0x884FC4Ceb11Df3E57536D42bEb82587f490b8cbF
,0x23774508724033e5bfA1f5E8AD2D5B78aaF0c5A5
,0x7fea978B686d85831Ad9b9C66a8A2f90Dc8c1dB3
,0x19c9027a2D7Fa3549A3659A25ae43fdd8756DEA6
,0x0C939B7fe9a850fF569E0E0b79b6efDaE11802Ca
,0x71871F8d560B0Ed56D657211F68d6654dB65c2Dd
,0xA8540D3880BCc9244EbfD17Fc06B6E02d5d8c831
,0x17938c048aBd322A7931fFADC65B1170859E5E48
,0xF0854C4dC9d3f1EBD4f0e44eb91587F7fc5Bd518
,0x7b9bdbFc5E3Da7814e50b9346cB62DbEC3c0d1B9
,0x0A1EFDd9B01CF62806800e81682EcD074f11c750
,0x5cC3039bB04163bd9b17220FC29eF1Ab2faCEC13
,0x134637DE9A02fB65E72CE67C3978dC297378a387
,0x19e39E85b9992A4af9ddC5fe35CE1b50BcB22de6
,0x3983c4eF6022CeE9469327c8BA5ACC370c007cD9
,0xCFA5FE3213f77Cf6247ee70B5a53D491B057443b
,0x2Ee11Ee6CA275FcD56fCe3BD9a3704DAEDBd6167
,0xa967662202253e3B14198CcaCCd49F1EC0ED40AE
,0x61b9ff38cA19E889211BD0c011eBee08BF1405EE
,0x021B2dd8CC173aA689391e980fB1351002AB4130
,0x390BD8dD895115b91D2D435f973277BB52A66476
,0xfc1fB18e410D844e46Dbe31e43986bB9aD8258d3
,0x440488B547D54d4723F4327372Fec3E97b6b4682
,0xB50cBa8F1C2f98f5Eb70cf202972ACD094E301b1
,0xB2A7D6669A1cEC1946f120b938710E5613b5Be89
,0x1DB1C513D440A367b431556BB9AE176d0D3e4A32
,0xcBB71f48A0c51729D1A967216484B3668873bDFa
,0x74d41fBe9fB3755CEf01BAd06AaD2771A6f0A5AE
,0x52C04D19595b849ea986b339f93CDc6518E6a3f8
,0xC4Ef55713782eDE0eb3B9FFe66A4258519066a70
,0xCe331A1E71e545877808D48Ee5E07eAB8a776dbC
,0x4Fb7F12C601e37219f334e087D10151A16ef9890
,0x2501D414550a852C6437474a628d7cd33fA940C1
,0x434F290728B2e0aD408DFFaae925717B2634394c
,0x6d2694e2ED55CF8eD10e82939f5e9b7fBCc618Cb
,0x52b67d4253f6bbF37cB6C6b3056775093F4C23BE
,0x4f20669ca233b44832e4bAbc864f8960b76D186d
,0x2d219397d20Dc0B39E0b674BcF87EFfE4292FD3A
,0xACAc06e9BD955be1e68b398Ba03CDf7cFdd2E052
,0x5Bf28EBA3FA9c634A464F7ADD20704fc02C15DC6
,0x381a4ff2590f3E15e8fAFc439652Be66e35432Dc
,0x8fceA829681C567377ca572A4A7406bA04F4Be0d
,0x1fB07763b64B38212022Aa0a232C31FA298Ba64E
,0x4798E19E99BE495D46eBbd08b74A6A5cefe4D103
,0xAcD84305fec8cAA151B0251cAe31fa15fEAAF49D
,0x1b018b0E4C7cC79EC6736071bD83297892ba5ef6
,0x28A300195C21E782068E8A000Ad66045006e7914
,0x47144e8B55f6E3a1283daAB30F13aaA69bFa6464
,0x6b29975137d7dE522bF6C4615051370C55820b3E
,0x35523C3E51f9871Db8b18aC139912fa12DAEaC6B
,0x5203420383945fB87e8572177AFb8aEe75d10493
,0x985f8B603f62A4cC5d334b3cf35DB6d2f06Ed0ea
,0x5336433D2D2Cc47012a26814d22799FCD1552839
,0xf5234DFa6ea2DBCf4dBCB97d54207C8d9FB0f8c6
,0xF64DB114ba554577faB5CefecBCA230aF8ac98C2
,0x707975Bf8B432aD336b45f9a6c81297b9F7C7e88
,0xE08084709b2145a84742F1aec1765eC42033dCd3
,0xc65D9D875caD07Ca8C6BB7d0Ff1E148d5a16aF0A
,0x86F0074531bF1Ce3A422519b7E1EAf49aF5CBF10
,0xC4b145185c7A0bADb7a8a4ecF4B78bDB00baBE2f
,0x54248F3F5541d3dCB775E0b3556cF4b8B33c8031
,0x2C9E4774BDE1DF473A55402ecc048C4b816B7968
,0x79D03409C179B127b1dc578647aAD8F87b75C2Cd
,0xF3cFB7AE03489236bDBdCc0Be35160071D440c0F
,0x85d07C6FC93664c89FDe97AB452df98B6D8ac82f
,0xc616D1dcD74453c29EeDA0C552F1C6E5bba111d0
,0x2FC13b9B8C68bEf1084AC9cAEc438f9Bf9cA965E
,0xB6E3E119872F05c7198cc168B40f0B4D153290F1
,0xb8e4d0867e9c9DE9F3EF2772f4E421312cE2dfCd
,0xc6ce3D45a8e4FF9442CaD10F7af8e6cCc7788F35
,0xD9701bF62E33dc2aa68b3a30C87401B62589EA53
,0x85E307796738e4814ce485aEd80a2b2011bFE068
,0xA8d2DE212BFF8a78f2587084DFC41A949FF23bda
,0x19472889E352284F2bb1DDbdC515b56A591D41c5
,0x1EadfF6FE8A0E6a4bdb6C4F288d110cbd5Ec6771
,0xFc57FAD786A886D1f79124146136bBe638235869
,0x4D784561cA092f65D8fbDc2697be12c431C2c64c
,0x90928f242d6AE240bcd30924d2e9CF268C3C1350
,0x04D0EbBc816268F977d49DadbEceDea102E03573
,0xFc19D3bE80b6Aad4dA376D54416B8981d721001B
,0xd44e689E0856684a019c92F6286591De7fC27e15
,0x31723b51AFD745668d5CBD3E815324f5E4c6a7CF
,0xd0Ce31480C851c84B0E76c19dCaC6dA121Ab1E9f
,0xe76B05c5b5dF1981f5c517b2b0bff3AfbFcAC5E7
,0x01675E70771bA3f69564005df40eD866E9b389b1
,0xA021c0467B72f519e4cf182554dd47F208F491a7
,0xdf905cc5767b06C2f115b7657d912d744Fe73b69
,0x508574937129a50a2c8A062c0aD40ff058506C6B
,0x32C45f96683f4331D38d6D1E9de769226e182789
,0x2a58CcaA4669569Aa8C3d14cD276FB109cEbc9fa
,0xcAFb225517b02E80F96C5C30002Eab9b1D59b6C4
,0x9A32a757D07bE3C302FD791E714C3C7EbeD06d50
,0x575587E87cBB726034584098aB7a0f77213Ab3bc
,0x7A0229DFA1cFE0c6B37D2910c68b3bf46a3CA49f
,0xA1C9AAf5f6b22D61070ADdf6Ea536CBb5aB2EB34
,0x00Eb071c7331333103d8356b462D2f8bE2214C6E
,0xDCfA159df1CA18ecd41FA6790C3dD0652FB6227d
,0x9fd7e58916Aa141adFE06E1284F2a7cBDB27b58f
,0x526b43BA26044111b994bcE67a8CB9E91C81F425
,0x9D125FF6C72857BaC94feb721a0F00BCe73222Ea
,0x32eB2BC10156C4465bBb0bc3499597239f7cD22F
,0x298B8B8FB8998c258B9E1332AA682f27AFf63056
,0x7B21be07Dab83A793f646d5A36098068Fe0Cd447
,0x7F7507c6C4B36f9835D54303e1C9ed3E5cf35d8a
,0x0E38C222F30cCf72f43FfA7a8aaf4713BF958CCC
,0x96cb1c3f9Cd061a5a8c4E0A33990E6FD7455283B
,0x12000C32E49e50Cf4788dEbc2832f1b4Dc17eb9a
,0x75011dE74f3235766dF5273dA96A9815CD5c3874
,0x8DEe968276875B9d2bA0dAf7dfA4553a1c23fFbf
,0xe374e2B58B19d83c57806da836801011170750C8
,0xc43237cc9c4593D5d354a9EB4c249d74000F270E
,0x3d2453Ab16dc3f2F1901d3fC300f30Cc101b7D72
,0x4150ccd5D0BF3c349420C74c9314E9A9B55B075C
,0x23fD91F164e543685aa063d06f4813d28460b1f9
,0x0492291122156BC4F73377A74DbF1CEaEE51c4D4
,0x97e5904297e6288489EF3dd86624C6875966CEA7
,0x4bEcE452059d9572dDC6FdcF9e6d2924B80564f8
,0x1707DA92f8EA28C2CE24f3b8E61A7B9F15a86f03
,0x8A89378D982A9d46F91B487eCC28400464CAb098
,0x449D302933464a10EaFAB9f9df665A8540CDD2DF
,0xCE9f27ed06804f336e2967289218cbD10F05F407
,0x2DB3C85e9b39c2bdAe4AC5E3ae9b8E18798e8617
,0x78d6742570dE6ccDf5C52c668F911632B0d0E342
,0x657Ba5584dCC1B2864026d13d2107e79bccA5f04
,0xAB0ec0EdCa57475cD86AeF03cB50b0C3e4977ED0
,0x4EEa58c4689010a7E968F7E65f28C32483dF6BCB
,0x6F1C4A6cD94d474a3719A7F5a182DBf3dD7E501c
,0xa719934252449841A38b498E3926Fd288E35175F
,0x4e6bcC52146Cf3c1f713dEf2e7799c826aa0F69A
,0xA2241F130Cd30F195d5F2E5C05FD8c3416B6dF88
,0x9E77fA0DB24DB90F3e548605dba2cb40f02e865E
,0x1d5add8E47802a24B72b22E1550602245053Cb76
,0x8Cc4E7694fF02c8387aE26d6d9911D55E3b04B54
,0x7427f06b8d189EaFF31a2568C00FD011dcc8b15C
,0x325f8629Ed1ffA83ffc43Cf6381b927fb0cb26d1
,0x9AC263D6689c546717E544E113cBD7A844Cc5081
,0x31b7Cf72cCD2718F27b6CBBb39bB71e03130F5cF
,0x88965C0323926a655C1588a8c746197d9fFfc1AC
,0x00d79050Ca745F704a595EB1680312409AdBF06c
,0xD334C8C62a4B7403Dd71201F9298BaD88f190cCc
,0xD5Bd08F676f717a26252808121e0b3c599bD6a86
,0xc024674Ee620dDcED541379EAeaAc4a90e7A76D7
,0xaA2ac689A88Ed180E1f816f38E9d7CF27Ea66c96
,0x67125c81766A2C6838a2609E7B9410BE67307fE1
,0xF2d0Ea19603822E0B3F89856f509856b6E1Bfbe3
,0xb7331eA46d5453E720F94dC74cB15A2A39fb33A7
,0x8F9BE4B4EEEB8eBdC06D553dE2Bdfa945Af6F2cc
,0x0c8A6eD04f78eF289D7256B66658468fAF15e87f
,0xfBc2c9cFb483E82b49fDE4F9eAC967E53433d468
,0x1a0976527dfEF4f88E5Dec59C7050696B8920023
,0x595eb1D3177Df0F76A4097BA64ee5b8DE5dDC1b5
,0x5616FdcA965c44f32AA541525a04f49d1e20A024
,0x91D734919aeD250069510e9Cc57F32cFe2cc0BDC
,0xfD025555B62caBE8C8E8F684C07794e3e20d80d9
,0x4E1118e2d0a423Ec2cbA1eBCe3fb3c41F0B1E52C
,0xA870b47920bed1802b5ad10024226Ecde100d0B4
,0x24bb313A3c8e9D09Fff7d42d2e76851D02Ec3154
,0x6B38277032E767Ae223EC91CECDac9F09e5c9A8F
,0xD3d9FB36d4C1f0a3E2Ac211522a5325F37076841
,0x04ed5a204Ee80a82eDd9626b8E1f4852c2FD2f1B
,0x8A0B812cf9E7F4E01Ad5785ceB866618209CE3F1
,0x30F37E255d96D65e6B4b4e644139E261AC60f053
,0xA643D95f50617E08d74813DA871Db73F44A22fE1
,0x343453284F43387C10875a98cE3348c87e3A4f4C
,0x53C939028b471BdFC7Daab54C2147127fC23CF05
,0x772A023c128d154179Ef8b3e5B804DE0160D5dd7
,0x106C3d5EC8f50C046DE7cfD503425Db1D1105C76
,0x654D46C0a7334e1449b28c34635e9C580aA69470
,0xaA4C904B870631Fc124159E86D233Bc2076b0789
,0x37b1c8947E22b4418C985960483aB971129fd453
,0x86Ee487135FcaDcb3F9623ab1422c05E1Ea77d47
,0x7C885DD510a7F1c115B9A44763B4BC70c6944096
,0x193549BDda3249d036e2c8e3035540FbC527Ead0
,0xd7C6e8715aE569Fab7e4DE54A1753E906e8fE939
,0x0FD07f27BC0AafDBed551Dc466F1467476B1ddBa
,0x81aafD25CE9a9DB02Dd9CeFcdA82a2f4AC61753e
,0xEDc4f3E25eB5a9C6421FD3932eFbcF986F3549B9
,0xefED818eD3350c27de6d831F3375C8334fceD531
,0xff9438131f8A2f8b80F6935b6dBA2137b74fE10E
,0xDAABf13EdF8653DF0884fFA3B5566c2312A86C49
,0xF9b252131157AadD00572fB6AB628c4A000b44C6
,0xad4c560eA4F9bfD0aBf6142c41857b16F52B6245
,0x475A3fcBc78ffe44547BdAD15A82d7c96843591A
,0x34f46Fae816586Cd58F1Cca2DEE3fC9FA2360633
,0x565FBb398b16B52C0495d71996D4b0C806bAa961
,0x590D93e2c1e22fFa46aEDa0A83dfAA8A3375d22f
,0x34791fEAa342947ecd61f698424a4dAd651bF36A
,0xeFcfbe48b776b3fC8ABe2C40A6A83e4dc701c31B
,0x0e9b44543C034c59e411ddA1dF29eaB7a086E3d1
,0x009423B80cD50A48C2556E9302fa62419214AeEF
,0x79f7CbfdeD32D336E8e771143773C6Ee06325886
,0xF6C62dE88Cd786dC5b979b41a6FFc2D690b4F897
,0xe76AC57Ce16Cf5dB9ec7c4Dd3206952833Db70f5
,0x374526FdaBCAca38D5E84991147d12252a66a5be
,0xFfC476634c182514e20c4D450cB26271fb038998
,0x864456925bd55Da93BD58Bf640Bc607Cf2315DF6
,0x75444a32b913f0C949D8C57d5271aac1d3cD700A
,0xf4430839e667a26fc10385BA4B754125773C9F55
,0xA9B3ca99Ba88B99d7134540281370079F24544af
,0xd2F0edfA3173AB46C17DcE9ed63201E303305Eb6
,0x65FB98565B9BcD49eb49BAF0c001305CE942a123
,0x9a0d7C592953A28AeAD4C0767Ccad8792E597B0a
,0x6f72eB88f33BA445E69a995F61fe4F72BD51850C
,0x577784dF76FD1010994bFBdcCA3F3d21D9125A4d
,0x97CC89c4465A8E0B1de35eaE959de457e0aE3768
,0xC319C0a8BB45Cbc2c8F19686a916DA009F1334f7
,0xcBE3334a82942F44D2b95F3aF3FA06eC410BCa5C
,0x9fC501C75dB5a43834da366344404B9B8675Bd84
,0x165C703209C76748b3d8e8af40c11f11cb178Ff3
,0x4E4bFa632B84a62D82026B9cCEe9b381d183Cba3
,0x9ffCE3Bd79581ABbD40C85851A4E71A6Bd256C93
,0xe8cf3644E2F28C30a28F838516EE7aA4461eA756
,0x5007358c3858A8a4b904613F7feE227936446040
,0x1634F3e9A1f7a7FCF431834C154aE68Cd7f9d8C2
,0x3640F1775d69C850D6D8f1E3BaBd81efDb811f00
,0xEaFd65EFe8c530EEA53195C327CB85eB301Ae316
,0x9D59Bb2aa7c1759d1892Ae71105c6f1b38A1854f
,0x100AEb222ACB2e07bFe7B08a35F444022e669B41
,0xFB109f2E15aBB34Db2cB8e639d9096e84cA0A79D
,0x15AF06c169c3246BAA0A3179c08478Ba3268F6f0
,0xfa612C69A739599c85Ea0090b96e941a3B2c1e50
,0x73208C133DF532f17c789fFfD0B29f448d80670a
,0x9223e5afB0333fA9f7068D6bcfb1fFF4CDA226a4
,0x671bba7fC3fb547ea4420CCf47dAed27c40850EC
,0x8064dBeb6099D01eD14285A0C8a4aac43BC6b720
,0x7DC5127C16EaA0ac40926258c2e44BED04CdFda5
,0x987423F77bdb7F0E4B9550f4D381495f944dD141
,0x1C8dfa2Dc62eB97d709EB9c850bf00Dcf31c5FAa
,0x60e489E1d4728ED759Ec81b73e6E787BFb162d8f
,0x74067cc4559829718CEfD6C41253A5dE33109c48
,0xd8BD4aD497746d9479658173BA6EB43B2b18aA36
,0x079B049F523C983D2780D97f7ec2E84f399eAAe0
,0xB3026D9F2dB5C85B62ba8c70313FB0Ad6e63702E
,0x339Df0ef917168329cd48BedC09471Dfbf5f75d5
,0xc307eA91235cFFaee36D362D066738404dc940A7
,0x0765E52931aa91D8fD4BD3e5036309d306300bE0
,0x6f1197b7C3Da02720449E636F8D645b8de3C618E
,0xF9cC2f90ffC0d3b7ac25495B8158D1e713A66366
,0x9Fc198D3e9B3bEF56ce90455714BD298Dd7c9130
,0x60A8F9C03920ee33b88F9CAD260126C34099BB30
,0xf3c08443dD7Ee24B921ebC247d7aa0355a816Ec7
,0xEB86775A9e44801ECE726AF6a41714Fa93dB44Aa
,0x3e60dFBD8f61B695a784Fb52B92E14e4a9C4c21a
,0x6152E109597be2614d2F7fc1913A8e03Ff70484a
,0xdF4b57fA51Db164fe69d91db9B846bFf5cD0e4c3
,0xf877cF6efA12B619059a523a672149bD8011758A
,0xe5315631c2644031954c2C65129CB7c7590E9C4c
,0xBbe860D9d47c7016dE19C2e2B40AD6e7F20D02B3
,0x7F282701C4aDF066aecC9aFCa7feD10768979202
,0xE57F983142361d70C1e0a8cFfc7309e15b15f35C
,0xf4d394d1545d21C1aD5CEdE4f9c72Ad6911c179c
,0x4C1199Fe0B3a93DfDBbBB9A24Dd55dD2026633f4
,0x3a610Aafdeb3B3F9d401F2a6306E1A9B5c9fcFEA
,0x338733c0aC0320eEaA4CFCCc621C2a0503A2eb2A
,0xC9355A42F0bA03CB2b082402c27046e4b61F835e
,0xa182275dc11C7e6B4E0F4c641be9ae34D0aAA582
,0x927a24C64bC1Ae83341c13B528b60fFb8E4F30A2
,0x6AFD294c66Fc311505245795e0A1A92c934Db500
,0x73503049b666EF925D2E341EE571902b8940E300
,0xE272F12E038430Cd45E2263dFDb141d4a6bf8f83
,0x8AdF4087Aa7c23c4C701e311551Bc603BB7fb0F9
,0x05D9909117d21129536859A9e5BC8C3862814b66
,0xfC9d2f6a9FeCD399442584f49BEd4c64a19995eD
,0x0Cb22798026866E43a75824695EaeD693Ad9196D
,0x5EAa2002E7169953cB02aD41B52F7625BD68130A
,0x8D57C061b4076270A843f73924a675D786fdAB31
,0xDA4d9fc0Df4bd9f2718a54763C549819d04888F4
,0x6A073e70A00Ddd3bddf4c5810619cA756226a2c2
,0x66fd0B9D0114283A8bADa93A7b52acB42df19873
,0xC82194F2161e94eDA3401E1bD764708711e38176
,0x9d4Ff5F2B8Be54b4b35536D11fD88B835FDE6702
,0xaafA15F2664d650b98984341634D5b2660665977
,0x934551561e62ca1939C1f5b12f2aa51896924b52
,0xa9E9291f493F7aA8E9673231dc74b796c531b8Bb
,0x0531773f5e5623C1126f8301D2692117186089b1
,0x5C0bF485994ddFB0081fc1F6A4990f9AE6702816
,0x0F9f3841B22F6c7a2D7f32F1Ba4fdDC185fCBAe0
,0xD377C7cdCC51E18773425D67C55898364fA8ff11
,0xA74325964FeFbEEad49033160D314C9935599C8E
,0xA0086Dc4ba67A27E6E6f81de7FcC3De231F0c1E5
,0x79c118502dbB189617d1C6625084D5e8F0c2db83
,0x9F9C74d18944D08069234e1bC231EB61563D808A
,0x566785D3d573c8e8942F7904692A21646B2B1EAE
,0xf360A77a9031f2AB9058e26652a0B9987f678654
,0x9857Be9699849ACE5f2656E132F8cf4556503a61
,0xceeE4f7b98Ed8fA28372a5E7Ecb09D01359E84aC
,0x8Bd9D41d40C33CBdcE7a0955a47488994366F640
,0x93441f45428315d59E5684A4E909d6E229D4874D
,0x1fDb85f52262257522dfF7E20bf173e09Cf4F224
,0xf307245d67D70586D032B8a2880F60754507322F
,0xF15351C4578AD48E751797c43851F8c9BAc85BfD
,0x60F820f03117B00144b9BDd9Ee69435790eaFE75
,0x0362c0a8f5fD38Ad73dd6A08997eA9006767aA29
,0xF8A205895A8E7bec959b9dbd7C1b4014c29d1B4d
,0xE340DCb1De0a965bd6431601e11f786bC394ECeC
,0x19AD6d3E7375F199B6fed0805E67b71168451972
,0x4927e9946fB814b05cCFC30a477E67f05627279D
,0x09d59887c2f0da3594A72d42EDa008b2B3A70D89
,0xa616C359268AFF4e32fa99b4Ed46ba4e32E0e5aE
,0x69de37237f8882564a17AF09c336aC782BBA940E
,0xD72d9FCe97e5CD3fCC7d7176526A8856aD267D55
,0xFa6A1a22709705F8e80C5de44802E789B8A1bE0E
,0xFD703889A85bc807eaAF8E2FCfdB5e0F828D3B17
,0x39Ac4994dA5B2d475F3A58F9eFa52BF7e0EbCDC5
,0x84C502EADD22470C0B545A9104c99C68C4C5AdDA
,0x6e8028a69A03a41145ed4f51D79Dbd031B9a113A
,0xf45aC06B1CeEe6853669edE1b7CC5F2bEFd32c83
,0xf76f7b959F8F28377b3d8BF29ccA35aF2fdeCaF2
,0xBAA46D4EA8bB326199Be78fcDa7042C183eF1eF1
,0xCf97e5565FAd2b1bee9f13cFF977e9F74a9215c2
,0xf9E5dde3F6c84629985CA57D0E1ECd3F22AAEa56
,0x4d280f3203A79345B754a91b0670b42CBf7abFA1
,0x5A6509e689363C094026304E8412C01209a5F654
,0xF9DE16Fcbb826a049B46064a77f3d515cB3fAFA7
,0x27a299c08b8460EAD77B768dC1C029B547B7003a
,0x8b6CAe6693a2ee864e5E5086b914413F719F555F
,0xD09975b2839C96BE27faE34c35C2c596e9CFeC06
,0xCe3F1158B653EaaB97591e6F292FdEf6c798D944
,0xFC52C026326aD0aa5187a83545100D442a2C138a
,0x3aDa12d969f8E533784773eda55A947e5e8269f8
,0x748d2A6Fcd11Cd039bf0BD999382f7ab6C7A9406
,0x71EF9c133D0f4fD8b00736668E898cE5AA4c4249
,0x95c347c1255282e814859daB5817C59F10B85DdD
,0xF3f84b69a6641d52Cf4576C2F632Bc8DC45A9834
,0xE69466Ef6925292334d0e21D40b08B2F92a5777C
,0x15cc14f37Ba21f277De7009C7733f501953FECe0
,0x5Cfc244E576bd58cD2F824F2AF2461a53F803E1f
,0x4B64CEcf13C965Ca5766aBBaf34a42F8F5aBa4e7
,0xd6E71d21458d3dE40738dBF5F926f13688d7Ab1C
,0x59961Fcd37fa0bB1D3547C9CBaE42f6388A5DF13
,0x2177726aA1Ebfc8A8ec57628BE726bDFB1905fcd
,0x34BED77925a996bB2F5E2Ef9f0522faE6e66CF6a
,0xd45F9A0069D41716E87C06E45A4170AbD1156d97
,0xC3AE0e799af2f4741CA22682E5932f1C04a34Af1
,0x35C65aC8a915d5135a5b095B5058bfF7c7AfB184
,0x3152143aDb65B90FFF337959EA1C82D80D014Afe
,0x8f0293C347b59145Aa4A1c8Bf510E4bc09b88Be6
,0xBd0b6C3ffd2d97b8C57EC7412643F97052a42e0d
,0x13baaA0e68B42Bbc433cD01C4bB82FEC066BeA3c
,0x92861123623eC54541300A63A7409f0444b188c4
,0x4D339920826C9aA8caAa179e1Ae07f8F3C2F3D8A
,0x2b174Aa2EFa9b1fEb742De92965f1759Bb80C0c8
,0x697DfF4036F94E6C2a2A289aDA3BceE8D160c9a7
,0x86E29C172a71B1e79d0AC1E1Ccf1F720bcF7b6eD
,0x8d416417BE71D0a459127cEBcD86D70c887566b0
,0xF7511bb10afff3D8AaB5d94733EE08ca3d2a0E3f
,0x09c8a4A37953F2f0d2a655B1d178389A60a15c09
,0x3F0e0C75513FEA2cE822b45e20E9e7Adf1718022
,0xc4a147EcA46A16e4e5F150E4B105A3565a7fB20a
,0x6C1BD5B30ADD5E113D548535Eae52B121391B1FD
,0xFd38774392b400e4f4ab700e29B1B4634f7EE9C2
,0xAD9f5D0288B5C0AdE863b7E87D21343dCAA8232a
,0xe7E78Cc12d4B8ac9Dc6aa79d0345a058d4ACa052
,0x6fB451A1A206A96c65Aefce823C30C5fA4615688
,0x58D21455783AEe2653A51dda3fecaAa1d6d0cD1D
,0xFFebBd7ca6c8bFA910Ce62B9f766501339D416E0
,0x098ACCC99BBB948899442E5C5d9c91565acDae3C
,0x40880A2e593Aa584a4D3C89D0C538874f507530B
,0xDfc68FA4AAfAC91D9BD58eBD64b2E75F6C08CEE7
,0xd3F41DdB11Ac019D02a5dc348fB5e906628fba74
,0x3b32004D5589357cb481dD123662d1B51963AC0c
,0x558509c4342aCC378388e11A30214034c2d54813
,0xD51542fE9cE882948FB6370B8B1C122d33f2589A
,0x43eE191Dac69c523325c93687824451cfc66A958
,0x873183D8ec19539EaF1bd3616Ada6b557eEa4e26
,0x670C8C66E86B8432D5eD169bEbEAE7eC28B2Fba8
,0x8D98C0d73b57D5813A013A5A2b882b5bA56563C8
,0xEfB4f36C4c882c9936FfF6E89A84fFEBc464E654
,0x3594Cb763f7f758917Dbbe64dD1D7DD0767D94D9
,0x500dB1fC1220e8E54C562FbE4E62a7fA1a62c7D6
,0xA1754caA5843c443dBCc0FdCd4D9afc9A0a695E4
,0x9e3F8a290cd2D2872780c2031931033E12e5C88D
,0x20A7C2944DA0D960Bb8648acCa976D5eab925397
,0xAADf5224E0f511B8bAd020785d2f84d98aAc79Ad
,0xF3cb6779EC273EEeDE6F2A6D1F1fB58349B716c5
,0x434442e63356104B2aFd73cc65Ff77c38887d066
,0x446880d02aB93856185B9c82e5E509c43C954d16
,0x31f0b5CAbB6FAca28aFEE9791AfF79bC0E1665fb
,0xCeC839cfaE37633CCEE95A107727383cFDE52C66
,0xC0a6E2fffcF7CbC850501dD57F24369964e9e17c
,0xcc9e10cb8716C7F6dB6B81209C52df9afcA8C593
,0x5F03e75dBa265881A33277958c4802C0966ab359
,0xE951ab3EF037C08852393ddCd4255176b661904D
,0xC05c709e2cD1eC1465fCBC2eDD083383b67d147a
,0x7dACEbDCf86136e9345b74B9f86B93381fc53bDD
,0x3bFce17A8f56cbD6BD668bEDb5a16d52b0Ef7A7A
,0x2b4eadb97D3507a7635901295c1404383123FE18
,0x515b87321aBF3a840473d90484f82111E19b44B3
,0x7D900e601205faF315FCc7A150Aa5d62ee218eC5
,0x75B8039caa0D6Fb402a28237dCB6fe65Aa3ca0B5
,0x5A51556E22864B0dA06484b99D149E2AC4C583e7
,0xb70E46Ade9eDa176e174FA2Ea76160839530F3D2
,0xF15ecC71933ee4De2D5c03414017C57693420a53
,0x6E57E05C4E32ac3e621317e17f86D9307c82BFB2
,0x0b69c2e00B6C76FF51635a33463537dcC99843a7
,0x6198aE9044Ae15A80EC4B13239E83dF5749244Eb
,0xBb9aAacae62418b68038fA938635894E85F91773
,0x6A2B7Ec121c1f417537540C4eD00840c139F44d3
,0x92092ab333Af9c4DE24a00D1b0f6312C76aeD700
,0x3026b89b1c614f0BCCbBDa1Cb7FE210ADd28a1c8
,0xfeD0F5A9c19Ee65584895d6242bf49C5507b048b
,0x1f943bba33Baa71484492B89C1E0bca44846f1cb
,0x1731eEcA42A13Eca93204029aC1ea3DfC4018323
,0x7ED35BcF777b56a158DED5ED27d2D81027Ea4aFD
,0x72A0FbeC86d2D49ccF3a3a61594990923dD60f9D
,0x23dB8b92e40Bb01Ab089B03CF019721EF22269D2
,0xB8A950d98090570c4eDC1Ff98De0BB84Ee62CE92
,0x8C63C9fFCDbf88FCe4e558FafeC01a89571E8035
,0x4Bc90CdB9892eC9E6C1DBa7c832943acC4F5e75C
,0x39131051Ef8B7892267AEF9c5309152B50EB1e4c
,0x30Caa3D75c0D30C2B63b44F3E2B49CF5EC328D93
,0xA27B289B982AcbfEbF062A3DffD1eC971985e1aE
,0x87641227af50944909540fB942bED7eFe1FAC79f
,0x4B1a46C00e254b5705784fE1698d2430ab942aF2
,0x5471905be66a4a32bFBA16e12ef0957753B17870
,0x19809fF59f713E8c180AC487F8122ef988865d81
,0x69AE8A6A84146dCB3353D1CA53ace67F038c6aFB
,0x3185556d9e254200fD929D8fBb3331c9A0ca536C
,0x11B5ae872a28DFe99D2852598D425062e1f5D6f2
,0x130efA4B30F28f0A68227A7088efb54d6Cbc7C0A
,0xAB69D2542243af098A84aD2106466B80Ba1Cc6DC
,0xA2fc4Cd0fF22563EEAaD23e200a6F3bC50e13D36
,0x09fFa0874a65B2A1387b1838Ad7d055Dd6c2Be27
,0x8B1de9B6286c02b001be6235Fbde60ED1Cc256D6
,0xb0efC20A55D038B1AD83BEbCa43f88113E08a1dB
,0x7669eb85a534D1913A13D0d573BB27b6E19818f1
,0xB0c8dDaaCC50098450bC3b6f971f41b56D7B05dF
,0x99165A0893C80Eb0685a2E0FeDE64553aeFfA243
,0x04e25f276a02D78c1bFF48c7b46BC6A4D93A893f
,0x8fDC61F8bfd4F3DAAAa3c799Be1961338ab84b0b
,0xD959796232C53E052D06fAcD256C80d1e81f4d38
,0x2A0448E8520B7bf180a1Fe6b16225B038F72b371
,0xBFAB64443b39BA55248fF6d559c87676E089f9f2
,0xF178a5C22C65ecd9E9aDaA9C94B3D688fe8947b3
,0x5A0101Df5C2F769Fc00CF32817ecE0E2B21b7CCa
,0x486fAd608616b843D1f9f0188fCE7D8F22344a73
,0x35a650Ce61f8522575333F397671EAa2A5fFAE57
,0x81f6eae88af457fd3e9bafFCb5BcbB11CF4800b4
,0x352C75B119aeE1eF04635A53fE582B910d1d03CB
,0xb6A056dA46fAa15d7E083DDaDd4dEaD784d242f8
,0x623507Bb67622C9996F0774030fFF14977b97655
,0x67B202CFde2a3e42A2A93E2756273B0788760404
,0x263178f788b6F9cfC680dee0775D29ABC86d77dA
,0x369556B81eA50A05057B0aa9ec60d2fE6A2570D5
,0xde07D0791f774cc9aE75a4CcB7f9D9d65D808b00
,0x1652eb56D5C303ad9d7A6C4a31211994541aD7Bd
,0xd68D0900bb71c82d2Eb355470fcE3D9991685BdE
,0x681f13556dAA51c14b15234769396271564C8a56
,0x9a46BA2d4DF23aFdf07C511079481517d0992FC3
,0x1D5BB8e3E1949001c8147A0a60138488Ce541724
,0xbAa0aeab0F3A73C06C372b7f0c6cfc0AAa017aa3
,0xc9A18b917d97CbBD66313B992C937Ab04979cBcB
,0x5DDBCA3d9662B26AF92C7A536CFb592e88002E2C
,0x72e42979170b2C44EADe361E767a8BECeF1B8D47
,0xC0eAd78754e1B57FD59AD800E2d239fecf816899
,0xfF210CCD7b6A8F18A3417bFb33e56753fCBAf284
,0x074584721ffCFdC81b96640a0FA1F8B33D5e7Ec0
,0x11A643db047B441Bb1BA37e3F198dc0554804BF0
,0x1b6ce66bFE5fe2f3F3Fd2c98E2C84Ba657E1413F
,0x58304DBc5FcCE529D247CFd069dBF629A4d18b85
,0x70938C1e3757501F1d2eA028150D45912DC5dFc3
,0x7B0315165316C2b9bc033E9496714084d546C217
,0x2Cdc7B1CF80B5595B99C54f7139409AFf47Af526
,0x01c411C4b945a3D8884AB0A8c9c845A1cf2D29B2
,0x00E54Ba88D787E8c2dD1b265c425e334A2E43481
,0xa7c04829a390f5895C8fc4460e09fF6aEbda9091
,0x356247ab50c814Dfb3D84eF059E2feC94e7DD69C
,0xd35c9D21Fb8abC232b2650F118417b45707FE209
,0xdA9d8f6F3e40B577511eA18B7C2aBeDD13C77De0
,0x5d95d07a5455472951F5e50eCC3Ec594a41201fe
,0x5444F2227fb325BC4f7D18Ee8C108e87f6Ae793F
,0xFc75Ae919026844564bd8467Af66FcBf9Ba96400
,0x58Af4e714126fdE716F719AcdA8F59d62c20B273
,0x88F7A8AdE53F4382a8Bf964EFFde7c18245dA260
,0xB619A26491A6016691c6B0ff1aAc8dcF5553521e
,0x533A7878f47514470c6ad304C365904c779ee182
,0xFDFf2E8a6a5506B4E881087ede86e59Df4aD8d71
,0x9dC9d6c04CEC1885A7930ed92b40D07AAa7395DA
,0xcfFCfC98b2215c58400607a5Ee8936fdF5aBF236
,0xf2Cc4802a024C1C0B3CcA82461a69cD4a2B7B8eE
,0x82a14F178bc3c1e56d50ff956993081Bb28fC99a
,0x68a36db2B867163EdE243f3911e6796907391528
,0x68dddc33e2127Fc6473dA29AB9bAe51D9aa69981
,0xe22A3e7aaa15767e349650fb41Ecf9AC50B00733
,0xA1C32dBd4dDe004162d61dbccd616Eb37aA1a361
,0x8b458C714A2B76b64a73D1D86836e246D31AF9e6
,0xBbbbE88966ddF33b867f9b1BcFf5E25826e99979
,0x390157f578178144Ca562d68E52D32530ead82e7
,0x514e08C36B62c8e843b68b8b0322ba888e248303
,0x37FD18Afa7f091ECaa2c87F55Fd94E0Aef194d50
,0xb404bC9c312a0AEEc55f586e304b9f4b25451432
,0xB30541339BfF87Dfcb9159BF54DE84A0A8A74b03
,0x0f5Be8DA596814C1c06213e9E3E0e9D28419A507
,0x8e76A4d10bAD23F656A38a0ccCBC7F57Cb75646c
,0x0C2Ed9b5Af59cA208D7C86Eb2474A136794c23D8
,0x5E1BF71a72B5a53960ae2750411Ac9b11C8e851c
,0x42E19139F5e1c5afFd03b67115EeEea146C8F069
,0x97e6640FF813e9d53A9a0D5EC805F3149a0c1261
,0xF29a91A6ea5545A81A0Ab13FD57C623D09607eBf
,0x0B4456D92A83003Efab4C07f2b99a73e918806bb
,0x724cC92d93406ba9d1FccD13F08947Fd49Be00f9
,0x84917f9607E185f18eb54CEbe6a45609f84611dd
,0xDC0cad8b11A6eb07Da7f218ed9044a54B7885C91
,0x8839694C81727b1d11987754BE0bd89DDCDF72b4
,0x0C72ff38395B137E5c5736dF8DFC4796056deD3C
,0x6ed8600e346dD7825096c8c5E69b4eA82ea33e9c
,0xd87C5343c0ad84d08a03450A3DDDD7CB6aBce02f
,0xD9BBB0cEd302D744E885DF9E9373E2e6cA83D6e1
,0x31185E29c9bAc9609127B4D594eB697EBC8b81Da
,0x180B4FAa562468d9cFF4842824F9B3BD44f8BD91
,0xB2E80f366a6C3A2cB47b3b766CABf95423e9D088
,0x087fe22d8E08C7fBF6C584bc9176EC193E6BBBE0
,0x87b3E4304d60723636a71AC20f8b9e3eC68E64e6
,0xD38aA002C686C82eA4d6fb0e8738Afe25cC5940D
,0x91DAEAeAd1c67B157C48377329ECe0CD235eD4Fe
,0xB699F89D1Fa3802DAc1922C524249E300E43Fb5a
,0x1300905187f69A2dC106d808c2f8d3AcB311F499
,0x7729f57932F22b6166ADab97579cc96c74804C33
,0x48B8D3877117Ecd29A3d2267a45094BA60802BE2
,0x3D2cF9f6d850439Fe0B15fC7Bc8a0aeA650594eE
,0x32656F05904A308e2dFc9768CF17D0B9a02c0c5c
,0xe1B5518F41fc1d30448625ad440cbDd8206e1699
,0xCdb9A6639e2706E8aD2d08D4Bc6dc059B23E9C12
,0x8Abe9ae4e9E66a1C0bddaFC3759C3aA6190A8afa
,0x387CCC5770151eC10948661b63321Ff06E3145A6
,0x91590ffAb9c69887560c08555559bd27B1Bb8Ae1
,0x44786F5998aeE65490588A476f4278454e4be4A4
,0xd6f175b99ad9639bBa9BE7E12774AA1458041c33
,0x324dEb989960Df8848b278a4526e96c3aB8E968F
,0x3449b600C7D79E290c2E26ca1eef7474D1e775B0
,0x190a11bB62944DAaa3d5387c833268Ec4129bC0D
,0x6942d29D6B9841d89f67A75cf8688A2F521e996F
,0xe4286DDF6AB4CE41309E5903ffbCF91aF52e3AF7
,0x505c9481c4F3Ff1DF5aE97788D46f106273E780f
,0x675ca8c4D70180ab56AD41336d9392e470908e57
,0x0443CCACf656661866e6B62cc580e892FDaf1bE4
,0xB060017ebef9b9d126AF228582EA10E70BA97818
,0x2bB420923BAC75388Aa76ab49514FBaC7fE362C3
,0xCCa70C5762521cEc07e56bF738Fc97678FD5E147
,0x465e0e84326714f3a1D1A71FBFa94BE1f6157Fe1
,0x3e8FDad0Fb5A5CC10cA364e84DF78aC9E2F9FeC6
,0x9773bb23E8f52Fb0fBD3Df52D0f382125CFdD5F7
,0x51D5EF61C19ecAd99e149A12fBdfDF881057867c
,0x70baA4e0e5178B7530c102bF0075727469a9D042
,0x2662409795892eA39172E61AAee561E4E0f08FaC
,0xaF04e50F54f8aE4C9A0A0B24d5a8C8954c5F4E39
,0xAB7781f2E1b517DEFE73F00D2b00C3FEBd074C4D
,0xf7fB5221ee6B1BBC327f9aFf1E9c53F807fDe545
,0x89e7CC0c3499F1271aDaA726Bad8C1f15536B2fa
,0x9246Ef179ce51f0e5c9B49160832355249D262c6
,0x71886C0908121CfbB8275D614fFb5807550bd8c2
,0xD9C2134A727e6cA1BdDC61d016b7c96b03815E87
,0x04ED2f3847196103a37EF2c39749712511B2198A
,0x7Fbc4Fcd67e735750830B82A89A6845aBdB93492
,0xC431B205C43fC86fE25bC63aEDFCC76d5F636e24
,0x97ACB8d34f711d9c888a19694F897d66E6f6F7Ce
,0x24dbb3495AFf925baf12CB26fe59F91f2A001EaE
,0xde5D399EAF9D3150619a00f1F292Be0dA6f82dbF
,0x2cd0fc40ad3Cfa74c52A40bDd69B65Ded4917da2
,0x457c9c4dff5FeCA4a2ABf95Db76C59d52192d9c4
,0xf1c64f46420986013E51781498E9C2FC07433922
,0x0e67c338352F364972e17A48d892849C943E1cAc
,0x967a2E2842546470c05fd5e444b3846987de4DD8
,0x9cE3cDca1f30FBFB284be72c040aa4A6dc83c7b5
,0x4ADB4340EE27FA04FF827B1CA47A8254d7605a8B
,0xD9EBc6eE594C62fE0990777905bA3c416B375f9D
,0x71eFECebb82188C697c439b070365c630B56a829
,0xc84Ace08C0540FB1BAEBBE8Ea45F9d376d6b9F07
,0x21b759eDEB8410E2E14be4F442e24E1d4E69b59e
,0xD0b975F03Da3837F53801a8bbdcc0075C2D29e63
,0xa37F78a7Cf4cEaB19619d8f58D4Fcf1b4e962eDb
,0xa95f71E74f3C8F887f62571566F9b59bE62eB58c
,0x290bb861dBDc71afB5A8030234254730095aa63d
,0x4551aA93D81D03EC23C3A81A5B61FEce13cD7D0c
,0xf9123Ce5B8d59ACc27Fdd8A8955c764B29263dB2
,0x4539D4C222359d968F35a75bC4C724552D58c5EB
,0xF77902E74Cc8EA6c06Df92d6Dc8e1C52B4079ea1
,0xCD41944B0Dd3B0f562a44d93aB59A8e1467d96E5
,0xfBfF000f11CA08665a9Bd73825B31ba24e8a7989
,0xeE62A0D235667E4905A56139103D1997123F6656
,0xB908b6BD3d36ea987a5A479BBab3eB4fD836c2aF
,0x155260f32a90a3e9525Ef72E02076F405Bf888cb
,0xF214b4443f3De6FACAe5262a19795b43a24e30A3
,0xEdd0162917560022b143Ec3322e6C8DcE7fE3089
,0x58F19EB9641Ff826233711860D507cD454dF7cDe
,0xF2cDDA39ba842C031Ea5F8c5Af0D2a6CCC2eA550
,0x50F8E27F8DE36B21079FB81a6326af7cd9AE6995
,0x6047565C9aB09450F5307A922Dc989a8903d454f
,0xE24C8a99A824afEbC192e5be0203eAE4D775Da6C
,0x075df55e534808A9314fEC631DCdAED9B188FF42
,0xDeEe5c4AE20071a9a8E45779284d4b34952c6eE9
,0xb6cA5ED74Cc03891a25EA3B7B772ef2321701c13
,0xB8f3f13737E0607D9dEA131a83362E511f4ea633
,0x672aF3Ca7cBe5E462fA57Bf98be1Eab663592382
,0x2De0a205b09D51747bcD60541F87ac37e0c74c77
,0x204375C983BAa7709BA4756C71DdfAbd7F75AcA0
,0x7C99931C445b5a043b6a03d9150e65E87B4fc363
,0xac29c89579a62a0224495942818416767578529f
,0x3b20f63E170d2A6970094F10A08378e927309Dd0
,0x6DAA0e9a6227cf47E06b165AfD8e45e98ad36c2f
,0x40fC4fF21Ad1a36D9E768297BE6db5C028e0D118
,0x4701B6A72A6617776bF09E462Aa58Ef6A80A73fb
,0x29D2c0931d07d7DB59990a19a0FF1eaa238D4B38
,0x9fe61Da3A15FC56067E02e851d6892B38Bd30199
,0xE868fAeB47259C4323D4477a742933af304c938e
,0x57583488E7cdCF7501818B5d8c929d646A2ef4E8
,0x622529d2eDE74C1e4Ccd09A64f336a9c85Bdff19
,0x70E47EF1ec6608C870c93339c20a89c3B722BB33
,0x88b42Ee94246086a981f82e5B0056cddD8CE7398
,0xaF18d5583814423A3cDF81D1594f9d483C72dF50
,0x3a494BFE152178330F85fAD3F5f4B5c943fD7e9e
,0xFE4101bfA0294859D2607F133748DC0385c64396
,0xDAaC4452404ecD549e56c288e0c7252b51123ec4
,0x9012E96590397F1C68e23c2C870CB20268D54B7A
,0x97A74600beE8f02B184Fbc03Cf895cE0165D0aaF
,0xa7Fa869f73d312D5f0Be8B9167A2fBD9DCAeC766
,0x2272Aa85C369366bf4E3131745120CF034aa5540
,0x433D44514Af2536CEf599a0FA6485624E6B9c0C0
,0x4094E534A8bD6A1d4e4221da82Cb75927e4d0B22
,0x79ad6E2cFec28D0963aC0A9d945485D0a0114b45
,0xCD9aFEF763E12EdA236bE19De57cAab4e31f9092
,0xEe31419bcD72251c0fE72ff376a6e7D2e72f5fa7
,0xb093d88107E4733d92cE9d9de5D0d89725af695F
,0xbFE418E153827feAc7b15Fde928F2F5137B57b21
,0xF0C882D804698454912Ef0686FEA3e4CF73411dB
,0xA9e3472e6374bD27755a2F964Ba6e4Ce369c7b78
,0xb9fFe1e3A40FeE8F8A52eB044f6381B1d82606DE
,0x871e345502ac8A6086A62b73dc3D8b473692212B
,0xC624e50CCfe4B389D2173B5cb8A798C23683EFf5
,0x8D024D6B3B3a33F476332CB157170542c3DeC9AE
,0x02BC290db74f27d34Ce391A88165221c90FefABb
,0xA704bD69faf23188cd38B28B8e228E2a59a4DaE4
,0x8ca2BE84C70376CB11539ef02BC1e01d635019CD
,0xD50E48DE0bA3F03f4a37DEF56BB09270C4fEdb46
,0x55f677D820cD6Af0402528d878323d4b473C8c48
,0xe8C39BC34C388aAC1CCD33eF2Ee8c14cF192A8Fa
,0x8079bF57C5df9415e17c9d98902932fDcD77741D
,0x537Eb10c5CE3784152eEAD6253167D2bd8E68995
,0x88820C6B8d46209d35861aeFE2FC260B86b30371
,0x6AfFFAf3E2eb7d89183Bb88CeBf2a35599Be1E5b
,0xBEcc956d2c26A59d8C73D72E53c56ad5ADc6f11e
,0x290C34cF0cC48e7150d54494E41d941f6530CD92
,0x34b48EC04a3e19535c53d50C7487e651C4A0527e
,0x9C4eFe19ee252568bf22Cd4Ef60deB9F78a3bd08
,0x2aD53865CedBD989B796807037377BfbaDCc7Af6
,0x4461B2b718b4f8A9d77CD2427F8391E6D1f7f96C
,0xC219F0F0f381e5C96C7A7B7E27AD0b7411DDfb52
,0xC483d5F1AC250e14c6EC7c18A5E957bA372593fA
,0x9C593378ffaDb7bed62BfCb19CE1F44b2125cB99
,0xb5f78f6Dc41174AA3e4b851ED13162A4760090AA
,0xA1268EEC9d57Ae44aF964C694Cd4Da4010D4d9C2
,0x8145d532604C889b1E6BC939E0Ed6B2eDa1AEd23
,0x77aA003284f7F54311D8CcfEcD01446FF5dBF792
,0x696AD793981A413747170309D2a8D60238c91BBa
,0xAFcA8c4Da57FA85Bd86880c6FAbD2b552E781FdD
,0x13f5ACFAD349FFcE5fb96B352ffd3A2bF16b779E
,0xfdF7e9b51A7A753a5B3Dad5733B3B944f798a128
,0xc899DFB0E4f213fb107c5921E791a8A698F9e97e
,0xa51B89457c8e13Cb29154bFa3aeA7dEEFb13A016
,0xc51914685CD49c92b66B95446E7DEa4B79E780CF
,0x6EeC1F53D02bf892F6b466A64e45b0D872aD02c9
,0x41BeEe65f0dcDDeaf2CD61b3C526FFf22C0861AF
,0x72840292bC876D41de3A13C5c9D73bCdaFA67f6c
,0x4118d7660DF6040bFc86c5F7D8d42cA3cC88b79B
,0xEfB57B7669b994686F5e17d89DCE1c02e6A17546
,0xAee6896B18a3bf08C70585f0CB273FAC1Bc74285
,0x3D953fF35e8414c883ce36ACe8Bcf6f5C8C473E3
,0xaD0c661afc5509e57180Ed58F738d805071aa568
,0x30EA145C5C8Cc9eB808200d8bfD552Ad666E0b56
,0x89Ce72077c5b177c9C5c4C905C654d81bc6eFC2D
,0x38e49A638987cA349d212AEcc3de26a9D3385A9a
,0xfea516263D1E6F6A2496388F82A562a407fC8b90
,0xEb0284312E58C342232122c88CA8774d107Cf92b
,0x44Bf070aAbEe44377E8c748011fe9FcB19ae4F19
,0x0E1c1BdF3D57cD064A908b72380f5d47A32DE6ad
,0x8048CF013837Ed06a4B4271C18626f53355954e9
,0x4aFCC8e5a80c6A8c48f4D1Fe6f32d487C08A9452
,0x9BE990eb20e440f70f75e35D51e45e38A8461861
,0xd21833F3166876a8F00B3cd9eb0a211Ae9fD4cF3
,0x8f4D5dAD1116FfdB67Fe98e2A6C0276CDDeD2d1C
,0xf93F0DEB4EFbe6c746386207384e62fAb85F84B3
,0xf8Cc6613A4ac17ef314c1A0248DB61f58Dc6610B
,0x7E29852F84fc478873ADBF48a9ED9e73409d02c4
,0xA4435E5438f0B7D62F8c2C41C1aCEf43cB186C6c
,0x20FCfF2b6A78d3bB71Be4e49418c6A35C79271dF
,0x4a9B290f48a1CC22Faae3d8ff94698785443f19A
,0x10E24422EfC3C0C65c5218FDc6a9aAA76df1A90f
,0x25cf6a7CA7A0aA1b10166ee4eBEd986Ea6d32732
,0x2d40A21A0e11d6d02Ee0f5dd4D79aB455219Cb82
,0x00cf8aF829f14b7a7696E0490b936a17f1b6862F
,0x941A105294e07E7BDC9636753191C9c5e5D6621B
,0x765F6336D08BBE774f4dD573C10FCeF448924817
,0xD304aCF78455141228d23ed1244726eEC86058ED
,0x90AbB8DBDa4Ad166608E6Cdc57494fC9A0a445A2
,0xA68D856a080C4adCD436eaA426a8671f347c60BF
,0x0ae4EC1C2d512C95799A0F3E5Cd8254Ab774d3bE
,0x238E504bc0b709A09917029C37a8e376d9501157
,0xC14674251Ff75dA4e3240C8E52701F55782CE6ab
,0x18cBF6A3e380A4Ce026821a07bd41Ab16DeC2e61
,0x79d38C8139754be65f303ff020Fc3cD58c9587Be
,0x2aeBb1E2eBCbbafCDefF788A540F01fCD46c89f9
,0x6de414DafC93A885e1fddF0B630B9E3428e734d9
,0x4F2A53515a36833f181A420814557EE081F134FF
,0x53BdfA900EAb163AffDF5c2Ae74BD4e737EC3A4A
,0xA0298E1143A79d2fa14Ca12F8d5D82171D88b552
,0xFAD4CB6573F4dEd14008d8923407a1aFb0Cf7F91
,0xDe4e76C6fdb56495fe336Ba965e14B3823234Ec5
,0xA00403d7F89aD24AeF0822C20f68D530A9547292
,0x77EfBda1e19b1B35F3E6d421A740511a2184B7d0
,0x35c21637606a2aB1630B938ccFe28C19c1A39904
,0x8503fE68ccBe3211133992342129a6C2226175A4
,0x98d8A5Db4DB5c4bf45d6d84d8A2eCFbBb9e827E2
,0xAD06B3d626E954967DAdcb09adDFE2f4411C09e3
,0xB65Ef8A8222DcAe50EdA9b6F693Cf8939F792CEc
,0xBB9242BC3834F99fDb298f7Ae8749999ACaBc754
,0x1ae8ab2123f461d2c86474eED8306E9Ba09F64A0
,0xf73BE8aC36469523866DF7800cD5c4EAae02B6B7
,0x2cb54Cc8aDE47Bd3BC768EB483a7989A296BF37b
,0x1C1aBF0E6F21A1aCf3A4bf4D407D41400aFFa884
,0x9661019c409DBFF407C7a936A5CEaB9595CA57d9
,0xBaa4C76d6Ded931C53E341dF725C11476d7d9C8B
,0x4CB58f963f407E07baf539B0F2F42ec3CC8cb87e
,0xcb1379Eae1CE1D4Af4FC43Ec37ac6b2CE53b364C
,0xC99f512726d6A8e94716AAce13Cc141073b78425
,0x0D384622c5E7411079Da153aaEe373557f262009
,0x35e8ba318ABaeD382E550412A416A6E50436062D
,0x4b93Ab2c578612Fc1ceCc9A603585d643d02ddde
,0x23c1B3eAa1E3B49bb7D742e9084300B0C7b792E9
,0x03d50fDA6b0f1fFA961De1Fa06F5eBf7A587A06C
,0x4175E816C54742D13a8632DACbf05B2b2e46EaA5
,0xAe9e4933DaBaefD791658b8930F29836bc304877
,0xc3845919b89C4e71f9DeEAe1CBf72e92D646235A
,0x93C45E1a7c6b59Bb2D531f30F0d9bfef2b3BFA98
,0x43B1859D0FFcEECdeC0Ae7a219238f69DFceb538
,0xDf78E176d549aaD2Ce846b6BcDd5d0A323AcCd46
,0x7Fc091AA71C55c3288f2B1E95213c3E9a9d49EdC
,0xf479728D284c96196E5c1753C2Ba0E86A736C002
,0x43427Db446e343EE6e522A8BCBC46FAACF1eBe88
,0x2a3BE84EC7D21F66B2Af3fb30fa73114FF48b6c7
,0x918b68e18b32890b87d4A08c77d7406aB3a4D6e3
,0x3e0d8E08F3585bBAcB6Da530d79dD4a0F01Aaff3
,0x1709983E2F09b90aD7B904E149c7b3508602bE63
,0x2770620c3F48471bb9e8ca0d904aE2c652917111
,0xB666248fC78c24AAAAb9625a8bface71E32a1A5F
,0xae8b66aA3d831d3a93820E78587c15ddD1b0D19a
,0xe85C59B97d4267B9B7240c99a73FbFD50d5a4383
,0x2dF1E73c2A78B4391D00CD8dA15F0c84DfBb37E2
,0xC5C555e20fC05528927d36e5B62598d2B23fE34F
,0x40EfC00734AE1427306F3Fcda4d36e17Ea69bE48
,0x4BF516e1230139CBf31e5F9d1dA2e65b8826a6C4
,0x8033CEc86C4f097D763704F574326e76dc5842a0
,0xB4e308847dDE247818D9cF78f9E1e9Bda6C7A439
,0x5f05240D1Fcf48547858970BC41e15e18639c4A9
,0xbD477D6a0fa3924163bC7ef33c712c2089f97429
,0x3E2eA813c17Ee2126c4D7bD57334f07A23175e95
,0xce5A126E74e8E63bDC86cDc2360890293224e12C
,0x1E93F33080Df358ee72403463D295bA538040105
,0x9295176434Ffe593318AD08ea9a177570fBF8e7e
,0x4fa16Bd147498150c2890e1d5d1FeB09B99ea296
,0x79EC5e992ab6DD532E7c395d37252658af5b73ad
,0x3C30EAB4E635df8d5Ed5c2056745739c298a1872
,0xc13302Acfe539660db3a18A169c405ecc46173d0
,0xeDaeF3efF1Ee4Ed2FE584e9696600e764C6acA01
,0xC8278B0EC1E7DBC521F9C29fB58c11fdB5Ba43B2
,0x04C1eb785a458699eD7223f571873eF78112F07F
,0x619925773A2CBCC5Df152F08Ac32035Ee28A8232
,0x4d05CdE4d51a1443F7C234F5324A0ffd79B4a4E6
,0xA5be3F51C282fa89413363C7501194fa4E121b18
,0x54161435199bb85450Fc73f012AA3509C9A3FC04
,0xf8a35883983964d80963d2F41e4c37fFcfAc11C8
,0x546EC87463356dC65b4C4eeC6E33245D5D9d4cdB
,0x9F6feC0841D86B96efF7b8615D995b2e22158bBa
,0x4e901c2F416A50009eC52BFF365799a9605B2914
,0x6dC7782f27D28Ee01061a9Ae77B4CFD2fBC57909
,0x7c5ac6CeaF700189F1cC5B05da10291a881e33b2
,0xB5F15559194786d4a4554adccfdb125bE3EEaf9A
,0xca3e64e580FDA87482cE89E8a23441ebbe8E23f6
,0xFA746Ab71626297A0a204475B9045603A87CeC20
,0xD7E0a099069C16A1B81661a8464B7bB96D3c71E9
,0x9e4c1d4f308Fb815a9fECa6Fdf158a9f549e42C5
,0x18Fac09C55302FFAF5decdB443Ee1F8859c86A28
,0x025D9b75d50ac808eE753BF4071E586fE15EdA20
,0x26aB05b48F50331D16b9A25443DCb6dee239f8b3
,0x002d2B383A727CeBa0FEba896b1B7Ac79414d96a
,0x6e942E394AD5ae9Cb0cA9d16F26B71f9F5D047bC
,0x7D1D45CF00D769f97A8AD1606060916b2d578E9b
,0x78F07a247BdC485B72D73794c32B4F5e002d2ACE
,0xD2105A8d76bFc44a3678AbC24590D231050dE090
,0x3792Ce26f318B249Fa31473ee1e3e41e89CC1553
,0xae7E029f96Ed08c3EDc300dd8aebf642cE7D6F32
,0x0f4D6769E22214C7015235f890625DB88896a75a
,0xD1B73c926F1f8fe8371d867b1C49b9D8994cA1E1
,0xee589688904E9948df533c292d5aEC7cf3cdaDdc
,0x8fe666Be74Db0C79C3B9B8a042EC3eD664aCe2aa
,0x98e2e1DC550c1a889F3Cc4DC1964A1c0e74B7BB5
,0xB04035b20267FcCff22766E0A8BAfd94096520C3
,0x20B65A74378DC6470669F71eF612b1bC24301da4
,0xE3A9626Ba035e7a2d1C18e31409fe461A3b8AEEE
,0xE896bC810c6A460732C8a8d8DC404fB7DbB0b4Bf
,0xB79A372E2690da6A1AD2F5Aa5dFa8005775E101E
,0xF26077437A18a042A4050041B864A72aEAfD255E
,0xe6bE2c79FeaCE7d85FE943703856C9d74fA8D9f0
,0x439300C3779B8BFF23645F6EE36d79d0b696b96A
,0x9bC5DEDc78A4E469772f388b0F4bAd3bf1e8B5ee
,0x7D72149ABDb045a85E0C30395130976bf5B08Fcc
,0x73bE819B91385d91Ae7cD7F0f49736F5394524cE
,0xae66cc09b9bDBd2307Af9d15011603849171a451
,0x39fe24831bfbbd5b9C9aCC97E57a2C8f4Fa0c303
,0x44A8648eA652eF22fa59bEE059D93726545dDE6c
,0xD8104aD4e2B0B87821EaB11031BB69F76606EF96
,0xa44F19CeFC9A529E46aC1CD1733c81934bebFdC6
,0x92072b9E7539CCCA83009C7C7C565f29E4A4a200
,0x9C7F8AB95308c253224132c662f90A5e14b46286
,0x5b01816eC58f86bd815D8aC5607447994bDa98cf
,0xBE855888849D82a9cD285D71E6D5600c35562917
,0x337CC210B08d2b04b94c1B87757e0e38bCE20FF3
,0x4Ce78440487641A07000f9E819eb3f6C75769f65
,0xcfC9512d95C6dD2A277F14Be28CeF5551BDc7ab6
,0xcaeD3Ef443BE6FCfc8d99fF829663CeDCCCf7561
,0xb341734220D84D670fe01CC2C5b7F5CB8ebEf048
,0x61F5B640191FafC325fb9602d15409F3FE91bd64
,0xDd7399d968e9df6e9C7C5bC3Cf8b57a20a70eA21
,0x1632Cd9432b9ba17E3dBd25471707c04575FE5A9
,0x7e0838a0B2C7d56065523fcdE8FbB50eCeeB01c3
,0x0f3A77Ea24103322510a25136459438E458061b8
,0xa513bd85Cc25f5673F8F35501C855867A6b5D265
,0xd9ec07587EF104D686831fbEf71623e0a8A4D4EA
,0x415B8352e76Ba8ad4424994dad7DD49Be0C22bB6
,0x9Bb7790b4A7F12952038E10bA64AD0eab0486Dba
,0xa04515B3159746dba4B2D56E0aD28341422dF4F8
,0x48a0733f11Add43F6a99794D49a68638e33331F9
,0x74018cbA2C5d29261848d55213caE17d4009995c
,0x02EC40e989aEe92b9e75a23C77d3D336eEB11352
,0xd3d36c88A4Aa1B98Db4CF100a07b8f87776C9a64
,0xD24d0c8C88ee1729fE476681bA12fb09Fe33D0A9
,0xa9959164c5d7A4c03b55E990A9A2545c7F0d9007
,0x2Be8cBc596129cEdb24447F0b89EbEAB795b0c1B
,0x31F8d1747bBA09A294c71a4806Ff456c304af85A
,0x5F1c7A32f0DF61eD50BEEF5D5E7998B4e22d825f
,0x8B00e7fEd3ed15713c3850B3f68F4a40Fc31a4a7
,0x9684cf755F173471Eb6a883203f972Bb6728F26A
,0x28D4774a734506A05fE6A617DaebC29B7905a853
,0xE7F1692DDD2D0349B8413D684165e69B1Da5D7Ce
,0xE38ee92052bC5266f06Ce7da013AccE874E0d009
,0xDa1EE4601660eD27F94edD7caDc176341145E20b
,0x94a435d66EFA5456A5f5931bc8Ca175A8Cca802b
,0x8f3EbC82601DF4f3B16ba58Dbf440B6aBDB159A8
,0x5b7849955fA10b0839A7d249B16a3b0Eb92A5DB5
,0x3140b11ed3b1fD82f812e2E3337bD2dcf2AED5F7
,0x1C5DBb26c5667c69B1ccefa86d3cD28CfEe933bF
,0xDb0046B7d1A5616701F260C7Cf9Ae24377209706
,0x4656b0cA1f2Aa3c3ee7d37f2526695620B6BD880
,0x3F5E71e9e9B4c6Bac3F03DC9e4Cd2F6A7184EBd7
,0x3eFe906358bA9C1A22Ab37480e9a054BdAF4B869
,0x526d1e65de3D9F2B16E1C5276535fbF9E353701F
,0x25D123711A90BF419bEeABaF40B869291128b735
,0x38916B68DD0BCe4ccF93574296EC9C8EfEb125b1
,0x70d0B0E9c492975DFAb0b9b5E9bABAf906bfE846
,0xBf28b1F718F0B40A17A2F2515b6eB1FC9Dd42F09
,0x9FBFAec5Ad7BACF0830D642f441455CE36C5A0dF
,0x292622F115C1c8830aCda76e6917d0FcDe721F17
,0xbFE6f79F1F75a742b41D8FD33a354CA39432a4AD
,0xA703d1a06633E47d8F97f71588F384b6cfa9ED52
,0xa06c44454A1AAE907587b02671A47Bf986D2Db71
,0x67eA8Ae7D4e119f92C463dca0b2A1d62589d0A27
,0xfa8ae8B9483e34a5f9D12121b93F36BAfc75f3cE
,0xc393C3d5a6f5068bc9514399BA9f2Ea504EAfAca
,0xbEa940D9864199156a33cBCbf90f2585b8E52941
,0x1b48782b5C600448A7F2d1daFAEd9CBfb72129bA
,0x25A719223c26993230D794c5Bb25212Cae0ACe42
,0xBde16Bf4018Fd96433B4D66Fe3a664ada9bA6Afe
,0xc428f13abf9b6786c15A208c0100c49E342896fC
,0x9B6628186FA392c9c5bB6b84e0e429981acCF41A
,0xC66137B2482D9fc71B6E9c9951C8Cb0313d494e0
,0x3c167090815eC9ff6E79Baa7ACF8dA608e09e9e4
,0x1c13F0bDb5252EB1E09cBcd1900A1f37b9A292d5
,0x87f89482032F8Ca54039A9Dae016AdADED87DF63
,0x4FEE49Aa61267860dE2E448Ad71DbB82799bbE40
,0x34680117a9755d9cE4edF16987AF6C0ec88Ed662
,0x47b29E4855cC601E39CC51e092e6cc07225EE3A1
,0xf181C881c2982488c086221900eBD92203bA9C79
,0x245A064412Ba30D4D8F4855185f957677eaA53ec
,0x0D3a22D9f58d0955717b568FF22b7d3EF9EAB5eB
,0x38cF52F1C239192653E5fB6610fa3a5B986180dD
,0x771Ab9841e40c749F0FDDa817b1308E1a9476a92
,0x6a8150022c4c83081289ECC346ee03cb81cE6c80
,0xef66560a0E1eFA02E6c06E46Ad72CCb6174BAfC6
,0x83D72bC9cf035374A70747928f9A09c4A295DBA0
,0x700112e2E9ce15C71F9bD85475645C0a40cFF80e
,0x847b7eaDC83ae88bCeCc7Ce54d8d9c20F5cbb4c2
,0x728775db012F682423E57cAe1F82F5bDD7F62E6B
,0x77C57669f9Ac7b9155FafB82bf2B4442D9e2bee1
,0x2a5d529dEFc1e0c22fE8B08404Bc7d12aFfcf9c4
,0xe4eB23eF2556db99FBe7ab33b966E64d617b1E8f
,0xfB8ED3e0335C964a4705cb4bdd93931D7eE14773
,0x7166B5A43259dd64c60e5C5560e1Db109cefD393
,0xef4dba363C7322c3dC70920bB181126cFcfe8e5f
,0x100e7BE3c22DA90F36097906373B71778306f1b1
,0x2FF0bb1200FC20233825e25df7Ffa9D518FBb00B
,0x080185a6558483D9b86A37AbD2b80C2C7890F903
,0xB383d44e138d3B3170E48a7c4711F3A457C17882
,0x80D91642B128ff04bBc6c4E709eC2143A71574d4
,0x4dBD63B31A38eEfE1e7b61DAc51D0e24EF89c136
,0x689C02bcCf49dfA084a8F64E0ab33ED0C3c1e8A0
,0xdb808848bcB765035E88e784638e2f43c943bd0a
,0xadc8b1B960f32071734d7E724d66f5Fd9359d831
,0xe1dbc2A270Ae0bd62D220bFb6d9bbda7a1faddc6
,0xBd727447996ee0056cE5eE002BbEA359c6419321
,0xeEC959C34665f9e3b6f200b28D98a865dB11C076
,0x695e197512764E6673BA43a1C584396C0caaA6D2
,0x9C859FAe57CDfb1611a7310A73E9f6d51B3A89Af
,0x280746A6e145efAf4904Ee7E7E52eBf4e11C6dc4
,0xA6102DeF8429BB068fD31f9D7078634c520FFe0d
,0x492Cc9fEeD9d60db167d4Deab43747d7e03C6C33
,0x5a34d159b1228f928601D79B450944EE5154Ab33
,0xc9b62Fd9315c2089C770397261333178fddFe191
,0x4eB11f63Ae9573659260bB106b2C5A02D19fb773
,0xDD1668d5722AA3160A562362A8EF4C5728c0C1F8
,0xdc14bDaCCF7CAF877D3368359f732f4Ae1d97B7F
,0x6878a9eB3CC6A94aa22FEd29e33942e81e2a6E20
,0x509cBa3d6B5DbA3f19A246Cc59933C78E5F90fF1
,0x7bC3a5A28B9D2F039e72357005D5F668f98433D6
,0xb41e98718127De1D9Bb9d805f5533D945182Da84
,0xcB9DD7C83e698212858Ad28833220f7d5Ad26a01
,0x514daE2153Cc53462ACd45Df4C3E644afaedF766
,0xF34D3f59057F8cd1d9c91dF524C9bEE0B1C7C802
,0x8207B58DEA0bf510b258381b0dC6e8E6EA1Fb06F
,0x8267AE19dc21fF092eFbc9811583640CfA487521
,0x64fae54e8010AcD57E9B2403fd2209F746d9fCF3
,0xeDDFDD24Afe14FA2fa5414c894BcCBbF5a643238
,0x4a9dF35813C4E43630524CbB8e081529E26FAe99
,0x9A37CE8cb0b03a9CE669602d9b95eCEee84a51B9
,0x0036b12D8DC6B67D4fEF5e8f13c3De6bd422fdc8
,0xfC34d75ec4EeBF4656172E50796AB73E1Bc00E46
,0x4C41d80a70f9B8595d768848A949c44e70ea949f
,0x8c02D69bEA69F5308fBC5B79D2AD599F712862c8
,0xbCCF5C9b555b509955517FE2d757EA31d288ea0b
,0x3F7F819190e58D2Df3b993a82D236e1262a0703F
,0x02741B8cFc7bE558dE47490aB53A9979b960589f
,0x3Bb23a7A07798D5220E0C1545C38443f7Be60aF0
,0xD7f24685F5509Be0290F4aCF078989A4557A98F1
,0xf5a23467703f74e622205146405cc2Eb83B04A10
,0x572aAC4E47817716b748178C66ae40E8B34726AB
,0x388D0039650A8Ce7F6384672CbbAEF06dB0d7F41
,0xB7D58b66AF2d2CBA64ef3347Ceb97243d006eB73
,0xe0f065fc3945091E3c56A6b2417C5D046A8843Fc
,0x5389D12587126E79Daf4DC1ea5Ce1E845AfA4bB2
,0x3BcFDEACe7159f2e010ea611f8c627D4b93aadc2
,0x9DA5433714F0526AeD4C0f7cD12993864f05108e
,0x9c7cfCc84891999B375620E63B8A6dA054e8B716
,0x2959b3cAb77dfa5D8aD503B0bd52d8ECE666143D
,0x66376b384C98C3002908Acd07be9d08c0A5EcaD4
,0xE579A5d642D637f4c47A5F7c7DA9ac37d22E81cE
,0xC2a64CAFe1466f45212f5393e8DD8827945504f9
,0xeE26119c902F20A8B7464A34863c4071B0e7509F
,0xF4276622f0B11ef5f35D8FafcF95245C4BCF6529
,0x7595191Bb9FD47bA25fefBc1ccDb29e4E3F4BCdA
,0x631C2AEeDc8D0E3F54bD85631b3140d4dc2C9008
,0xEA5186421d3EC94953d41C4bc1EFCF848f4aA27D
,0x97c06825c16486c1009705CF084863DaD8a1AfAE
,0x501Cd74313359406A3ed438b664E4FDa31413177
,0x3c2Fd21C39dF720cbc43fC8fEc959D11FD541F06
,0x0B5f8B73A2D2bbcD9726bFD42A01995B75af810c
,0xF2F146Aa0e0486248A50Da9f7F7Bc13e9F0735d3
,0x28E2F9C210eF85c6bcdC9Ba86d78204C911F79c0
,0x1E3Bd06f9e17588B6300CdF94c56e568b2D0E039
,0xE993c834Fc04db588F25f0D0A55D5C3D77dCD9Ca
,0xB38B5CE3436Cebd9a2C6406Af2087AE606051DC3
,0x9139105D44F9a17eFa6BBdE064935034075ae9f9
,0xD1d1002284D0CB91b12906D67C4d322Ef5F6C3a4
,0x71030D7Ab9ABD855AeDc81b15de2Bb136055f274
,0x9277494e0494dc0f501844aD248807e51dBbcaD9
,0xE97dF52D9558A421563065866dcEAEE700EBfe15
,0xD2B51b9a1185812c9011AF7E9C399c6F5a1CE4EC
,0xD71895DF0469A1DB2b018Eb21E40F5B6Ef2187AD
,0xf1De3BdcBD1AD0aD7E334D50455b958455017038
,0x176C418632973915C4DcB99c40398D81aa30aFF4
,0x637a960Dad8ead1DC7684202B4961a1Bad07Ca90
,0xC54bCe046129A94526c0860FF11592fA1F85346e
,0xE80E44e966BCD93BE1e3F05E0feCCd29b65A46Fb
,0xDf0F81eD815490ca3f67D49EF23e2e0b5E57E6c2
,0x44Bd1C1Ea339599375BE23E7Da239bb2c4f99BE9
,0x3dAf74F1685E20c93546444ae1aA960ceE5d4284
,0xfA8310BB962946b6295bB2d0AaD7be1c4E460CC7
,0x674b1501ed8365ac54f5db017C9c3c87143df58c
,0x6afD384Ef6C32Ecfc7d816bC0267ABe8d70E8940
,0x98de98aC8A73Afa7fa3eEFaC16F68141f5bc176e
,0x828aCD3eB390832F13d80217956e26b768D16D33
,0xdF9a0DeA2b0bA9CcE01fB0999e69B1e1265951D2
,0x8722620243E818eE6dBF66a1802893ccFcB5cB5e
,0xd344f13C24097A5eD521F97DA5d325dD3cCd8F3e
,0x4b75C216DB4873eBba82e8B783D8562631570F3C
,0x1d75a865eca86B6477a9C12B3bea0AAE737a24c7
,0x04AdfebE2b7a986e2aa52EF501F498930609Da3A
,0x43103714bE0Bb1Fa6164AA763e99b47bAC9c5ab6
,0xa437Cb242d9FB87F2f79f412e059378B5e8FcF0C
,0x322920DBE32EFEf4Bd91Efc5C432b9EDB0337055
,0x9e98d13a9EE213460c041926a631105943f29d29
,0x4751389bFa6C1E7D67Bb7e07A3cB21C37707d497
,0xa77Df54CF6E6E938dB9fa5a4E30cdd6E86950483
,0xD6480E9e0916416675a6adD84b1f8d7AE52eFD04
,0xc40918420A546ccD81763c057162B45AfaFA878B
,0x6Db3EEcca7707E79D574E5BeB98D7D054Fd3d0af
,0x72AbEBc21e8B1b06b6BCddd29c301E69f9875433
,0xfa17F1ad72AEd4397ee351C9BD49039bc4814e8D
,0x2DF5f4a15D5255028F44F726C29D066c7b55A237
,0x412eCF4017d2C31Fea0086B466820f695396bF20
,0x2d690b2b18D43dbF9904b1fd6072f27cA5984B7E
,0xa137212fB10b15741447e82D7864aD3F6cE638FE
,0x87894077c7bf74ce2Ffc4200775012781F225A4c
,0x2c2dEFA110b005470A8A4cAbdD8331C38A8a91c5
,0xF772640CFd00215a2b652a64efb9f0aE608Da3E3
,0xdE2f9d9c8E051a2C1125279E42d40aCCeF2ed68b
,0x8bff01b76f48483B2F17a7cA34525Ab7Fdc8aE1d
,0x30521DbEBe31039Ad25451C25607940a135Ab713
,0xf68461B2Af0b740AD00e9659D71001B841117036
,0x5609CC895e8161102C8338deE377A9C57d7904Fd
,0x04b46A163b05e2d3cAC6Ba9ED7AAAF17B4F40406
,0xB5d544e77C885285eF47645F6a067895028ed508
,0x3a5257eF4910a3e39D753297B02Cd994306B4B3b
,0x1B0EBcC6E51616e2968Aef8329D9E6e405f034Ab
,0xD0C4E0eA75557A93ec59296DE082C13524F10351
,0x9b3623BFeFE627c79191F4e294a66668208aDfaa
,0xC720aACa23D5EceE76bE65c7fFd4d23af1639744
,0x3f5F04AFbDb4a2594795F8cC055C920ACE01C1e1
,0xF73b406e4E09b010a9B0817C0e6bD182F9B42Bfb
,0xb8006108eCf78AD0c53CDB40f6b39218EF6b080e
,0x2dB4c1C091C921F485578FDa0426B1A9F9b90067
,0xBa4F91d729C614F7f881cD44c1d6CCc5f5CE540D
,0x1C73350186F50D880C49BCd2eCF44969EA1E241d
,0xf04050aD5aAFf060683fA102A1520442e88Bf204
,0xD0d06Da02b635cf89129F42B2a896a42d766382e
,0xfABCa63534f41217d56E2e5A0C93a7D7F86cE63d
,0x35419E3B96ca839cAef4389c2A9DDef276714456
,0x0430f20e95bD1326149E36a7eDf620d6085f17a9
,0x536274B502DA9E943F5595E20A5ab99970011F6e
,0xbF8dfd220457071d339e5EE18e3955071388a07E
,0x3Fa01a077A770b8183d4f732fAFaA7A449d209aB
,0xD01460f36Ebb67DF12f218E832d63B0AFb82FB68
,0xc10568b0375803DF2Cc9D08783C0C93375a2E1Bd
,0x5B8eEa6cf2dD4642C20B903D4F670DA5eb1d4697
,0x45752Ae712087667714282a5f8402789C5eEe2CF
,0x4672D0Be7A0BC75dE61b07B157e4099Ee4f936c6
,0x8b04d638Ca5184f1EC2357C274d4e64c817631dd
,0x2Aad59AfeA8B24233405bE435ccCE45c66B42f08
,0xa8acC5498e44C6A831C29635287763b3C2165281
,0x05771772ae704d7b089158F0DBdcF7CFFE3dEad8
,0x53f6654c8a54b6E40Db6710ae119Ef9895f423E3
,0xfC27F85d488BF2bDAD4840C072bB26efcF23e176
,0xA85f24D3c7abe1aaDf45f13c58D04ae0C2791D48
,0x055A8FE19C82288109cD4f47D928052c11A911C9
,0x19b7C2C6F7aFD6A914eC9B59bA449374084F1848
,0xaA86F46C6660f1382FAEcE2b62C26728DDa0C7b2
,0xa372C553ad403337bDd51aEe5AeC4253042A261B
,0xd980241CA0FFaF7d368F4A09d84Fd198E6B4aE46
,0xf03E692c3Cb3eB233F717Cce0765da58f7967bAc
,0xBBC2B59B63164ecb714e7d64acb257af271Fa2d0
,0x7187038DfD9F77A5516A2Cd2C9EaBEaD601c29F6
,0xAb200AdD562286c03B96492Dd2463F852Aa932ff
,0xDAcf5Af9Ad0dD4A3f0596804d77eAED95cDFAFf1
,0x088A59BAB9b91836C2Fb4ee4984FC7092D9F4943
,0xd567aF114c862217E7336AC56806e18622A4A29A
,0xFa4247d383f9DA914DEBE0eEE43877d5276D344d
,0x69c63B04AfBFcafc6e5201863b73DFB6E60E1cEf
,0xcD8A030F4A514BB4FbB28514Eafac4dFd3CCDbF4
,0xB82437f93d5249d8D79f62f0D5DcDf4C700f9db4
,0x39218c3352004172eB6cA105951EC1aaEF87B5e9
,0x44E2669133dEef6430580101342324a6FF33F6fe
,0x5b4525365014d892Cf74546A655D02Cf797fa254
,0x5fF9fd94d8FD809D7337BAF25e884426a77dF064
,0x23d1b90D8e3805A9ad75b7F45466c131D5C606D5
,0xdFc4A646827a7b510509eB4289c9F96A5Ef652A6
,0xDfAa134F3Be983EbC98DB410Ae61b5CA7B397e44
,0x2A01B6e59ac065c43C590a61c7222877204A6844
,0x6d9B8f958522c963B34D5b0A4DC9D8722760cfCA
,0x2080eF7EfDFf84d123B4AeC559A0ee9fA7a5105c
,0x19caa8212088830A108010Cd3C014EcAA86Dec88
,0x97C2be921f4fF09af9BD8BA243F8f00053D1a048
,0xdb4a1AF0d0d1A76989699245b6483c740887f5EB
,0xE03C0a394942a92e426653935297B52fe7C4b0e4
,0xb18e7B8Fb5e62fe3Dd52DfEEfD5D5AA872D3bA28
,0xE5123CB9b2055d28c73c1CDfAA7616C056e90a1E
,0xAbe47b3F9DAC58604F120ba70AEA029Bba7618DF
,0xfce9BF3DB261c73dFCCA089735D21BA701d33e23
,0xF0E0cd8203d236E9d0172fe8De43B295b6A1a80A
,0xbAe11F25E8aE35e0fc0a24931Ef6E1f643B5Ea77
,0xACE3520A80A131C72E4F5D332ED89ed3E931DcDd
,0xA842715aa1b483C81cca671D493c6f544F70e752
,0xdd6cDcaD73F25F46151738ef90A2a25578F086e4
,0xB69565a572611Ba49eaD239D64eD2c9Af19B3222
,0x93D57e9Acc71765CF709A8FBbf7347e7EE9e9551
,0xb86750DDbb1DdB8524989101FDAfF9C0249BEBcE
,0xe5Fa0c6625f031DF1f306424bFf9749DCAE9FDEA
,0xfB0aA8F172634AA5A77D0472E47f5D1759FaDEA6
,0x7Ce6b5d785Dbb85D40f4Ec7aee035b2d41dBbD0a
,0x7263B8ce95bc0A9a70728091867C49Bccbb46373
,0x7A2668dC0Ae311Ca332Dabf18b59381092173120
,0xAF97373373635caf1fDAa010Cb6308072E80Cf10
,0x4e6252e3Ca0727Fd41eFEfD1631737Bb3221Ea58
,0x5513c2e837F6cdF2eAf46952437bB213DB86B8e6
,0x087E0143917b45289354dd4b88547BFe21bb45a2
,0x1E7113ab76019171c8333b9089B6dd229474Ae9f
,0x5749787EE335a69F3B41C29B5b7d600c87A2125d
,0xB1F989C507173642F1D2d9ba1488A1Ee2E016A50
,0xf9767d9c83536Eccc44f824366bD73bb95DaB6bF
,0xf0AF42eC4000413e4c3B623E7124164E6EdfaEE1
,0x113078EF82331dc2EEE5af7576E9849EBE90B3A6
,0x5c57357c1E24343f354073DA299E28ef5f0Ee8f6
,0x9Bd473bbd97e64EA7Ac61602a7BDd1c6bF0d009b
,0x79D798f646608B87a851dC043C7FC786F0aEBFeb
,0x9295959acc7Ef372293731cD3ad4BF3d4e45Bc88
,0x28bd0C6eABa649484d9A16802bfbd356F704a704
,0x214FFe638b113b288C1C37CdC648253e732D03DE
,0x86E81a6Ab9eE724B43f5B635872826FBF1EB7d57
,0x4882d39f54cD4Ac80F7699b70943558946E88084
,0x4379200584bE7A12F378a3F1EEF2d31Dfe054eC5
,0x3667553efCF61272d931Fe757d154e9f8A974511
,0x7b63008ed567B8446864F25207504fB7A8044525
,0xD99aaFc84FD866128d04B2400FACE056f950486B
,0x7CBDAF5BFFDC398708f0f080FB848228D7517b03
,0xc5DB8d1Eb216ce1559fA8e7Ce9aFcD9c63aFc268
,0x5c6a9D7A4d911117654038C12B36cDA455C47B2f
,0xc3BBbf7FDE2a02f0ed3813F1dB47d00bf8c65B4F
,0x0D109AdC7d0D770036e5645C386fc7A2C19F08BA
,0x07156BD4C648F4c5Fd3fFf13dbe115fF994A0d67
,0xF49D0Cee23685E6Fc6c1D5b394E208B11535C8EC
,0xdE8f5A585aadEdE256E01589B8d139f02927cDF3
,0xdAA8faE0c27641839E14F366F2F35C45Fb2098ed
,0x2635210C8DF5D29a3C84cDd90D7547A78FDd67A4
,0x8Ae2933887DF6f17265934a0daF04C4bFdEc1Dce
,0x1eeBC1A0B6f91316CcEDb1F0a9B26663Df2a121E
,0x7223aFd3884E6F648F55d49474f30BE10f379BD0
,0x2281aeDF735775DB4DA9658D0ce1DCF5aAF8fa2d
,0xc0696656C5f3b2e374433c17ffA0AD481eb3B17b
,0xD47258124Af36aE044A6EfE7814B0CD652989ef3
,0x30a64D03b49F4279b7bb8D183f0ee500e1495DE3
,0x5a337809dca2aC79213e6B15f56F92A649c6fB90
,0xde804f5A10CcB8a122aA1F61d3c4aBd437a3E24f
,0x567EB5CE408005ba8a500F87E36A3e10F065aBA9
,0xFc47627b8A6DE188a6d35542A3Ab236Dd6648dEb
,0x22C10e798615419871969461Bf2e3EC8d77B6501
,0xFF0E8189DB4fF8FCD4c50D349Ac20A56E8799923
,0x86C2F12489e3Db911DB416bE79D516631806Cd11
,0x3546B9E77ee245AEfe8FFa543B08024E187d0f40
,0x137b71d57441d8d88E2A33fac2F8F02bD8F62Cd9
,0x6a4Cc1EA503aa664aC72a6EC54AEb71bff8cFbA8
,0x37bD9Be3BAD611CcbC3555270EDA3cc182D3D0Ea
,0xf3b0352a684B56CfdbEf0CF68F6Fc763f72401Bf
,0x255B4166F0259d0CC724467F33480300EB64D288
,0xd7BB12327d5C5fabBDB1E4578b9A367829Ce3c0C
,0xd3916A6A0F5a3348DCA1F6a6d21982DcD3001469
,0x0bA6972335bC6Bb52A5ce946222a5bd7dDc65130
,0xfC707adD1a24D7d07Cc0cD9b1aCB6D7963AE1941
,0x3b37E442dE4b1A2c5456a8E1C51c8bB061e83CD7
,0xFe53A36544dc686B6977075D94D040e30191DaCA
,0x280f1c49D95B225497c7c10C4688150Fd45B3B9C
,0x1CeAfE0E14056D31bd8876C428570520a3A1fe38
,0x4A8D1eFA4a58e63305C8707D9287050D78DfF705
,0xf58328A09c63a45954aB7ebB6F6513eB24de7465
,0xB0A3370ccf73c2c75A1f19898BC6B314B01F36Ab
,0x2f5820e7761f2ED92b823e10aF7C374BCC2dCf00
,0x01AE1c8B03029dC419e6Ce9B6eacFDc8dCF98a09
,0x24F409f0359CE2Dc0622d6EAc2FCb90F175D2841
,0x8e32D7F9a5050CA2272CD5D2A0F82b6E21Ef27AC
,0x1679130f2a4378E12Bb3143A00a842a80b96E7c8
,0x13BdaAEF77f21f609c7d5C922BcA6Eb54280288c
,0xAf3e1a643da813Af160a3A38040e901ae744F398
,0x8aC2D5D565914d575271d377D5Bc4400248Fc9d8
,0xCC270b711Eee05e4c0338944e423c42286Bf88E0
,0xe3f5DCEC2626461DD05673a81306479B772Dc717
,0x052b9146a5d53F5aBFb928551DcA2E77416cFf74
,0x57fbd8FACb2BB9e367fD3313A4C0Dea3F77D1015
,0xDB361A4Ff78c20fb0f61a54a4c1C259d69de20D8
,0x9483Da7314B09b874461a77D96464875f64C8CC2
,0x0B20a8e835b675dD9E39c65445225bf4D0742504
,0xb2e9fb45e0bEcDBDd58cea18c38419DCD3871682
,0x6b78587778A1FdDc42994e0B6e9FD2A69c114D3a
,0x2F5754D1aDFd2B910ae3c107b9E2a820EC18598d
,0xaC6f643504C09B093e0657Cdf817EfB197bC2063
,0x56A777e15f64A9e591Af10E795Fb8b819E3B373C
,0xBC96E7A674482348F33752D2547eD81805b6aa12
,0x5Bda8EE42b974a7138BACA3e39fA1B0BEadd0a39
,0xE050c0dA1a073023838716b5D8fcb7691e0CC0c7
,0x2F98dE4cfBbA4FF07B5f2c578DaB3C077e20052a
,0x04CE43c200f4cf1B44477307eaBbCB9441aB6859
,0xdf8b07f465488e43fBccAD3f95DBa037a81281ea
,0x3F0CD360891d9E8096842Ea5E4e85967870E46a0
,0xc11d1950Ba8aF4F5F5fee6602Ff03302eB2180CD
,0x96d2cc818a2c54948Edb7eA46E80a432Ff50848f
,0xAa5bd9386D31fb7bcA5bEC1f561a91c838efA5b0
,0xc524B51ec77ed95088e42190F232d2ce555aCAA4
,0x61c055b77Ac4392489ffA432fcee5A9d23159bC4
,0xAAC0451E6E25D12d4229DF0303b624E04540FFe1
,0x10316d0D01Fd4b18A11774ef1d59a213Ec2F5B01
,0x903FC782A149F18f78d5BD3184C5cB4B8Fa5AFA5
,0xb2591C6448F508D10f0C677B90c6F229D85a7539
,0x9800b99ff063bcD5EE79c3F916634A5B7216Ee78
,0x3AdD3f7bC02b1e75D826451B669Ba50dEF626aC8
,0x379aF1E6b6eD9e01803Ec418fb21f18Edb04922d
,0x71029cC038611f1777d059914ab3f3cb5E34d552
,0xdE9c5A564b2AcDdc3ef974b9b2DD710BC9965A80
,0x9e2a765e79D023731E0e452c5D491dB962d7fD91
,0x8FaA0aB637806366D1Ce8445f4470de6c33926e8
,0xafCc045E6F4CF087d4F3fd093Ab54CF17eCe1203
,0xDBD363Edd4125f843e5f611c2c83Eb91f58a5eDd
,0xc2692840066d7D7365c551F69218A034Af163AEa
,0x4135e014bf288165613e738Ec8033993aDE2c90b
,0x87219EBcE1C0DC38Bea9B8514adEF6151f6810a4
,0x4DaaCd08F72e87D4446F0e79145887470BD700c9
,0x713FE696E7C564427C48a873B5DA2d5D732524a3
,0xc65a9297ED631729C268BE92939C32E7dc730375
,0x0FC762B3Be7C1B74136AE1abA0E1eC09C61B49D4
,0xD629a3aF87E978b491EE3786ecF416F18a557eFF
,0x3F58A346dCFE06b95C002e01bfB811d8cC1302D7
,0x533c391933B9b3e89529A98C4Fa0b304A0c2c9ec
,0x16e5FFf60F6b8c47820025394fA60350c3616818
,0x952b5475ba74d4e31e632fd87509F7dB3059A8bC
,0x5da8Af157Ca77Ecb2EA0454CFde9BA4F4CEa6eF4
,0x0093924E7C8090c6c7eE6b0Fa7A29CF61B58A13B
,0xF523011b93436272BdE68F8a89733368406f55D7
,0x2F5144d8B31C7a59391cA53041cD107d089Fcf9e
,0xb56BeC05899836402D0D21e9845d114E1276fcD2
,0x7C33173f59F3d20a6615FF328eA8C515a7786210
,0x430304c2d641f9BABa3BFc628D413a36471f1fb3
,0x66baAA719464B8Acb9b26AcbbE814A70fEd8285B
,0x0E536aFb4C641926A539dCEeCB433Ffa6715A3ab
,0x850Ba36D52F19cF4E306E0afdF3e075cB1415DFD
,0x6A3492256C064AAd887A672743f03e7Dfe1BDBdc
,0xF3a8DE4AeD5b9830D8Ea792119bC9c07141e4581
,0x326dd326c7665acEEdc0beea471B18832D9d36e2
,0x09b52A17E87C1A17871e9C8e10bb271F6ccC8f2f
,0x1DBcfD61CD8ffd5f513AD32Bf3f6160B9A86224a
,0x2e884675D17936Be9e608332636A2797c587e922
,0x166195ABc3D6cD60182a6fFd172ED889F472FaBe
,0xCc217204fd7fd0966Bf8C8Efb09a7A2256bD47C8
,0x1e10526A27F6cD8d6e6Bb5DE5A54184F9060F8AD
,0x2abfA68d770f57ebEc6ED2f94AF28A37093F4Dd9
,0x4Ddba74Cb913b55c56B7300Ca0384986B3C47936
,0x0675AeA9c4e044bd80eF08986395148C8266BCCD
,0x8Aa23C755546236223ad04b1d5C3D6DD70b3c590
,0x977e6FF67299738f8d13D727c9118173C9314734
,0xbFA054818Ead604c283d966c0b94f3Bb3e17ed19
,0xC33163D2ACDd5BCAF198A361E1d53FD83a48512E
,0x3deb97a352A2279e081378abB51470742f9bd155
,0xb317e0A5Eb54E529C96D5307d0e806CfE94C3a79
,0x924Aad958FdFA49956e9Fa90dd73Aa8bd33ea89e
,0x332e9d56FAC7cD108B031566234103d6D4a90b2b
,0x3AA8cC4c6DB23aa44cE70a0677a76a93CdcADd60
,0xF8db6AcEfEA146E55A081dF2c55ba0e88A909885
,0xD2becabF684F8E969C2b6D9c007982853CE17B16
,0x66fCEC4Fb17Cb3CB54A7739DD083b6B0c9078f11
,0x48B44F280A38ec5bD4A4847d3A90c12017C2cA08
,0xf9DEA7ef482ACDc187F824E7FA987e9188ee9028
,0x4e284a296Ae236Dbc09D9fB0d99B73F54BF04169
,0xf3e756CA4B82551323512f1810F344A838cB2aa4
,0xf3Bf11C54F0F2d94295d433cA5898DA05094b753
,0xE1e7A43b69356413bEc89aC91BA375804F0AE0a2
,0x4153CEF36a4E4E6156546E892C8DBaaAc9639bfF
,0xa9f79879245f08808e0BCDe263929e0bD1Ea577E
,0xc3F27c9A9226c6e363381bc204f7C60D8217494c
,0x15F626ed46bCE4Ef82192310aA1a3eED0112E996
,0xd35Cd4A88DF1268c2703Dc079CA2d762b72FCf6a
,0xC8d13377921e6BDE4EBcD139999252ff9a70f058
,0x1B007726397f8A14e8E80ef9cfAbC78097B5A3BF
,0xe30FEdB3eBBFea8F90B73e0eCD7843e2769B232F
,0xb887D9b3FcCDE9BF9f51fdAE0a71EBFf0dE6A5Dd
,0xB93A9397665104Ea6D6e6d6bd9B34538a78572b9
,0x594a9036EFD4dA9083F98573c3bE460873111284
,0x63bF752236288E149ad6C796e54498710764D983
,0x4b961ED060D148678da219815965890d2C377Df9
,0x9982c85d335E86394e448BC2E4582acB1a26b8e8
,0xa76B98aE731C53A3CF873a2aB51e6c5F5d44981D
,0xE313b6fDD978BA2Fc3B2635A846ae64a11F5c8FD
,0x80586f465FcdCD6D47b2DBA5380d0d664b05C22f
,0x891DD55CCda5Db7a1CF9c306b692D8a6298448D8
,0xCc45574FE914cEEfe92025242504477df7dd7098
,0x60870529d612B0CfEc2C1C6554f0E1Ed1711eF32
,0x8D2c5e4933d1e121dF46EdAFf424C705F7D4c0d6
,0xc0482701C7eE811c39fD847E490aD56df6C5afB0
,0x21Dcc8ab660397456272d64a9EfE00A7dA7273A6
,0xFE262EC254810336264378f8980F916CB0D3E8BB
,0xeE43a980d95fb1708726e75Efb2Bca1A9154fE34
,0xB94C3a8B0f09aa933eB411d71C983Da391b0F727
,0xA0D4F7bdD2c23000512E7B6664FF788aCB770d61
,0x63A15dbF11b4a3a3120348665704Fd6E2512099e
,0x612f3bf5Ccc9D865c210d498ACC96f12752949ED
,0x1e864890648f74a4293d7A2d53C88D41A374f600
,0x448Fa5EBe0f9301fDDe772Cfb9cC3381B19C1d27
,0x190dD8027ae7112a9C08bd6073966A80562Dd396
,0xFDE85bDf825b5389d496ACC6Fe2C946d10597903
,0x17F7a30596b5be949Ee7Ffd6668af31723960051
,0x1bB7DCDe2f56E0b2975760CeA7a2ACa3E0023601
,0x5e602165cf3B1D755628eefbBeF833D98a897560
,0xf58563E536306106BEc7cD174f349AA5f7B1c44a
,0x70E812C70DcD3CcEB85780c0F14E0151c3E7E09c
,0xDf569DeF652A05813398214E0A680D6155500Cd4
,0x2A45b98a41C7B2cC2aF056266E08D8c97F9BD17f
,0x3aF47Ca9396b2DF85f6236fA97E1520a9c952019
,0x4ba3378567f78823687907e757fce56A0c799666
,0x6D4d079db6dBf6becE0dcAd97f4f637B7aB6E62B
,0x32A99ff988c43A13981C879db52F9Aea3c1743F1
,0xD201e5f7555b313852A8d75d4025d7485AFCEc82
,0x2Eb2CC5ae6CA6cFf56Ba33836c6E29a7c8e00822
,0xA1489EA69F9472528C99953387Cd48E810b455f0
,0xDB194F9FC1f8d04271462c7D8903b8fa85B8BEB8
,0xC27BAED9eB9C2c525Fc2b364c15e708222F61385
,0xC7a0F803F7748DD74A0215A84c8932A0dBC081DF
,0x1dD941BA9B341192b29A79c3a1c1d7b7766A9184
,0xD42719223111464f524d2Bed4EB86060B6189307
,0x5BfBE993c93141798018C4FFc9965b127Ce5aF59
,0x5caa0658FB9d8299c28BD7E4dBDFA9D312384B9E
,0x5c1888830BC8228629E222A63EAF475f15928d85
,0x266B22dc4375f14c1B83d27AebCA5885Aa716aBa
,0xB4C194d83695828bbC1aaC316F87CaD5275AbEc5
,0x737e0C5B8a6EADD44e05bD3AA51C1BE86325B14b
,0xA8bb61ca25389e11BcC4cEEe82F99869Fece48C3
,0x9c5F04beefbcfa17827c2ed35A4165847B1E0a06
,0xBC063a2589a99b973B574061Fd210D966b5f7010
,0x426Ba478b1123869454577A366Ac7717B6F3324D
,0x39e24D2cA28C4Df2462219fF9e22e14Dc170850a
,0xD6c9C969D2058dD61441603E002da624c167c76E
,0x52d6E26e67248D43046eB5044BC5fE72bb1CfBE1
,0x4Ef1B353FaCfDb136979922F66C89C553823Fd85
,0x08Ce02FF94378898e207BE29fbE44ec685520A6d
,0xF6d5009eC272A9997222c530202fA5b7C2C4350F
,0x24D78F5c9aefA58D25d6B01DDC47fce6B4E10205
,0x29E5915e49fea6bA7AdE006B0ae1826fe4761eb2
,0x9D74Ba08446dABAF8636b6a016d73293809Ec864
,0xF4614f0c6FB963DE55fb83f5c3bF08221D311e3D
,0xd53b73c6694C87A0bfe5142d7D991a91787b8E75
,0x4DcAFf87A5C8904bD38D5615254C89D456453cC6
,0xaC2F58b15d382B0496c115C57566E0aE05FD443e
,0x907B82CB330539Ab11ACb60b19060D223636337C
,0x51c076fa2072986e3DcfA125f8B27F5B0b35A925
,0x6FD89170f6B64bf066F5F8BEeF37Cf07310d6244
,0x904667326F675aa4D251ceaD7e26F7cBca9e1284
,0xA41D77278a7eBE9801Ff477bE69438939bD065c9
,0x5C7Fc301628E0f7e47284c1e46Db75786802e3B8
,0xD66ae64288CeFC9C94a8835d10fCc0124eb1Fd48
,0x393E7FA587a3f32090E51BE5f57Cdd1c62c619E8
,0xC184c2A8e7F5286795f9f052BeDb3aB0D8812779
,0xd9b57b10C019226dcFEd67a38504fc86CDa92e81
,0x67642439b1a6Cd58920d7271063f3E0c8609a297
,0xbCd992E2F2b5616B5B11e93799b3024c8b357C00
,0x878bAe7877827849E2813D9195b0303F2d91D708
,0x945616Cc99061368Db70f18904d1D6e94B119bBd
,0x360F3B32CE4a968b52f6f0696e8cde8AFc10eCa1
,0x363aA457aa2b16Db44b48E6b165E213Da0855Bfe
,0xc27A0d6CA8C2611318718B5a897e05D2664cC43E
,0x17ac67a9AECf757856cafd4cF7c47083551440B6
,0x84346eB0C27db828eD911cBEFD19130E3Baf5393
,0xC365538f7C2134B6c61FBCD0cf54bD9012Caf970
,0xEc06dF8098DA78CccDb3Dc85f471CD06ACe84Bb5
,0x484ff1a9BDfCEBFb69702daEdc801B7219c14ED3
,0x4d4e442bd11352b868F6eFA8F1442D5dBA25E716
,0xA9367F849BD178E672d7b865C39178b599861d97
,0xb9114A755b629235a820DD8643581d59df0D3474
,0x45f93a2464cfD42BBEdB2e6733045e38a6f881BA
,0xC4f8D15E8621C9E612A277728E9ff42F9Ee601b1
,0x61c8944EC43935EbB53e8a6235b36455b18bB78C
,0x3e89d6a8fE38B00Bfe0e339c36864F2D4a1709b7
,0xDaeE80ba12f305fa1cb63079326b933F963F125B
,0x7CC8fe98778684b5Fc254460D51730E814A4F994
,0x3250298295512e9B71d73e6A415A16BA1d4Db0B1
,0x73d274451f3a16E0558C0075B823c6F40Aa67646
,0x2748EAE54B1c69D45b354841105232e48adaBbF9
,0x356dbd385845E3661364632Df822AB8595aEc7d7
,0xd410eC7D9684dC2A401deAe3eC02C5AD0e792e56
,0xd5EDa17902abF82A937b393b66d9280D7D58aa8A
,0x08b0dA925DEBdC1a54Cf9b1Af7873BD3584F9c56
,0xF6c70fb464c9d41d78266770A8BFd851d4143541
,0x0Ce6BB855f7Aab903bA6ECcf28cEb9da80fe1486
,0xFEc75d1c26A578a6529eCA828125A30756E28DB0
,0x039e34386e6c12E276aDFf89484CD669E326B7a1
,0xbB4Fb1d139CC72078F576823cE55847d39e031E0
,0xbEeC8a6D018592593A3bE91dDb9aF6f7eb43bF01
,0x7dc583A0dee951831AD644bD34f2C9F36d12A44b
,0xaE099B685554aC9569783c926D43FdAE70e74488
,0x50262A07B3447f0d70357Ef40685cc05761BD720
,0x4D77705CA20B70a7813e6855f75EC21053caE741
,0xf271a7001851c6E4204AB2BDdb7D5d79bF06870e
,0x18f9B353429DbD26535d5Fb63d6ddF0eA80c5544
,0x2b47fB277e5efbba10f4C2DdbE62230208b084aE
,0x03050BbC8Dc989da7e53771162cF7F29d967C914
,0x6c6285a41B335D1986E5d4F8752c0580606C0f0D
,0x822011BD96b114D6eA3F1Ac7262E2e9BB3eA8AE8
,0x6a45Bfc5A6B1C8c4a7DbF9aAce7cCD05a266141B
,0x1260b03433D9CF60A15480E75f5338600e0C662d
,0x6755f53b9dd622F59d06D0B0C1BcaaB58fcEEa81
,0xBc114cd118d1fCD783FdF186aE6c790D6BdbDC1d
,0xeDfD5bb0eFd2289030199130a3fA5Bb3C4A86dD2
,0xc41b4B5aa137685b5c2714844b5858b31cA5CBBF
,0x4A5E9EECF29Fd008b7EF21C837c8dcd97236A09f
,0x356163F04e0814E7e24E1A26136f9A9582bE0f65
,0xF98671E51d9b3B6ae549BfD623f34eb3b84a577A
,0xa5B573ADfA833c86047cd86BAc0B716d7aF97F6c
,0x223b637511A3748616D64725AcB63A6DdbbACba3
,0x93Da4d3dD8C8B171377c834EE0Ccf60b1f655035
,0x32D4a0bB2c5230Eb817fD2db54746646f40f42Ca
,0x4380D43b6B737d61e7dC053a8a3Fe48b636d6872
,0xdC7b69C1bed21e2C7c5a1e65dEd1Bf780A2952c6
,0xD2EC79dDB4FA7c348909c29256D7d08f0e6760e2
,0x5DBe97f56E3074D465fd951B21B00c37787CF6Bc
,0x8Cee326a3677828ECC5e60a74c44e260f47d6483
,0x54A8038998d7c833Fe5C51AB050EAf0578233d1b
,0x6bAc24811a0883051389DB5709edC3Be41d5ceAa
,0xA70B1224F5637212a6F8bFD19F363b9f0E6d32b2
,0xD83741280A5DbA994e3f0aD08754fFc1cd0aFF98
,0x1aF2a7367CDE8EF66851054dF0B527221896A1dE
,0x15013359B111A60Bd51d228c2901AEB85c34D9Bd
,0x4c2da530676F7C68C8462197cA2F5E1bA3F63f50
,0x5B9b579aeCa7811eE34065e62d23941E4ee33C2c
,0x7F3fd144e46317d672748229a1C080aa94C387bb
,0x4301B220A50E880b90D9cC763CD330445f57303a
,0x3EFEc7bF76435932edb8e0Ca43e46839506F8F53
,0x2E7eD7d42C5ecFb1f2B7cA9851d16B8b74Ff5544
,0x845766A5f17b5ca8f8C7dB79460A1E4F717042F2
,0x832f270e7A92525Cead7C1DDB0ceDcC65094C2e4
,0xFaB869FCBE8fF1D4158FFA8d9E7DC92BdB022eDd
,0x13Da1D004A16eF52835590407d843C3960D75dE4
,0x8c451Dbf321B7B50A95b03019515ac2963b69056
,0x12c9B7Eeb3A2b927209b380D7e7B9081dCA2aCa8
,0x0248cD147e3Fb31D00D434789f342DA1a794A553
,0xC569434Fbb5c8f69B19344E6D84Ae3408a339306
,0xd322794Fc2516b3Ef16ad0395e3024ccD6508731
,0xd52801930B76BFD895110BccD4e4145D004B9465
,0xa48995cb7cDb87d2541a04701e9Aaade528350B9
,0x59c150a1bc94F67f5a4318a218639d0cb485D54b
,0x8eDe3906b710BD0D38028dD7ca5ad233D180803a
,0x7D052e836cbB71e9d00728A52aeE2E48e733A66A
,0x635DCACda30345CD555c1d8A220D290c3b1b585b
,0xF1D1C274B12820A353EcD74cb2e0cb4779A4442A
,0xe9d6C1019922Af2A7F76Dc25002F3EB42D8E34cf
,0xd7155bcd8393Bb0F12f476e69b69f87584A2397D
,0x4e1e63119580E508e2EDef0Ded7DFcAB4786c60D
,0xd5456B5108b7e4e9068f6d9D5c269602cBb54778
,0xAc8892bEe6Dfb2AF2b96a9a6e96335212E700fBa
,0x97a0C09E79F0DAC0EF2542C28429552274b23BD1
,0x057A5A906d16c612634ce5F95bde9f4D4c03D177
,0x224d20713aF5c542102E62a3700F1cF27f612219
,0x61Ad2FB142313Dac5416F362e92B64CF51629D35
,0x6e292fE5A957b6c0cfc209311c6c6B02B126080c
,0xdE7babbc340B12a134E2f597761895D35b0C145F
,0xcc970633cB8d39D4Aa6139C24a67eB7a35Ba3B3B
,0x0063Cb087cDeAa0a4C335126Fc997bF85933174d
,0x363073659a0941F759FB81b2b5E2A79d6CAAd23b
,0xCdd2ee20134Ba76D900eB026e80AF982Be36f02a
,0xe43791179F19F23B609D238c8f096095E9b58a4E
,0xd90B7Ec9E96098632402C03A2De6f7413D8aACE3
,0x894BD230683fb2f71760F908C790f93ec7f1F267
,0x4294489666EF272B32Fd5d2800500765F069369C
,0xF0Bf3dC7CF4B0dFF8A05FB422E0d93887FcB6A54
,0xacD6DBdAe758389Fc4B5d800E5964Ae317861083
,0xE804BC8e7Eb6cE754C5a4Bd209718aD5024Af6dc
,0xd4A209Ff567e7999fe09CF5dd105A466473d5A71
,0xFd049902475ffcD5AF670517B65122b72cc86DF9
,0x0e229D178060d9833b921Fb88e7c35f886A560d8
,0xfD9831749540d74CeB3e52d0330509F366d5Fa69
,0xDc98eE41fc4381eeBA7b1e5EE099dd2BB08E2566
,0x0152d0f8D86E55aEEAaaD7fE7c473d209D2bE491
,0xf8fd1f75f80d0ded921ea2b1f6f18f92bbA423BD
,0xc7C743f11D73678fB2c35732d3fF14A478C4Bc82
,0x19A9E8B3bCC7a6C3c1aaC1db25CCCE0530404CE8
,0xFAbD00507C058F2BE2dA92e96D77048DEa17c9E9
,0x5De3893E40506a3a19F3F5d8E81363c3d5EE8625
,0xef83c4b54970fa4C5575C79feF85ED79B7f050a0
,0xdCf98c19d407e3D2458aaa54029Be2191E390Cf2
,0x008ac6b3F6A56674C68f6353E99bC342f9357c5E
,0x98890cbe49fE4f8fB329B61467C75b93CB23107A
,0x9619B7e3021C774C4E31411Aa4AE6FeBa550B524
,0x3965C8534aa7Eb3A15Aa0E3bB01191a7A2E459FA
,0x64C0Db41B1FF853B3A340A5a4F538E579cB43364
,0x7A014a2964A91B679eb12A67d84819aF30900655
,0xF161dbEec789Fb0B14Cb013Bb273B1324813AAD6
,0x2DcC8454B71DB23b89ffea4a737D153cd816ec03
,0xED415Ef19B3D4a7d63E65642F6672d798de151a4
,0x91623A298990c22568Bb792cA96D2a1B4b42b299
,0xA7F46126892449A0D2FcAf93dD8b9155B380C38b
,0xc6149C95f12Fa89D2eA23aad3d4D92e6065eEbBd
,0x6A5CA1063E3Ea782A9f12124A1D980d7a3C0623D
,0xbc4c91bB1D621e94ec56359ABb3Dfd70510AF4a3
,0x0910B816b0070eCa7d1C461BF53094c70F9a15Ba
,0xdd0ABA73Ba1e1945e8f8ADfAda7A0576D7FA2a29
,0x50e05973919992EAf367E16C437E270c1773a608
,0xB6f224a486837d79557e39cEF9a0A2fCD6EE3Cd6
,0x95a2c9a8a072a5B2913c5F354541f2124F4A8099
,0x4D21CEe9c71a826e0d8156dFd630Cf97e4c42154
,0x5673aff1Ae6dC04f85815aa3D0A923eCaC74f4af
,0xc2FD05B407B593877224E98709e2F03F0717Bb09
,0x665421f3EE3bEAfA99795C93E0da154C53D4b024
,0xa890a443b62DEdE7641AF9Ca4C9f6D8a8dB8B253
,0xC9ff5105Df8718b56bBB0E12623533A5c490355d
,0xf25BAB1Eb94A136626875Da4F5352BFDD064A676
,0x4C8851b0FF1b2350b79928eC0bE341C7D48A887C
,0x438FF532a1633154587f53AF014E043e71b8e171
,0xd39bdC555CB1c500E1C6B95DFB183E6ac98ae6FF
,0x6abA6a9dc596998DE2c029e88Ba438D8e1fB222b
,0x8CD4CE96225599c6FD50dbd2Ed1dd38Ad978B3fC
,0xb5C42ee5427DA07BE26B69cb1bCb128f73C6491d
,0x6024fd368B2130a4e5E8862b28A27A808C3107Bf
,0xd423b46AD3069EaB4B3D779374fe2aBC7696fbC3
,0x014CCd8EdB387DbE4A98D8114F98ace7813C04EB
,0x97B7Eb07B9eb17BE83895eEa9bf4909Ba3FBAaFc
,0xD1bE7e7dCF6953Fd8F2BB4FA2ABA4981D612E717
,0x98496B484BBeA057fddB59482a0467F1529e4a2d
,0x5a3008A2638890f5cFBF99287Df652a547fD039d
,0xA8CEc8F258766325b10dB1053883B1407e354ca3
,0x8Ec0724B92227252065E27dD2Dc3cd43c558ac23
,0x655b03561214FFe94DA0928D8949256F1471dEF6
,0x0Ae482898da4DDDa131B9B7c989d72cfa1FE9AF4
,0x0ECC2FF7C6E205bF290619c3316cD86934aF3f57
,0x940bFB3495Bd5285080b9128D223bf60820E1e4F
,0x09C7a4482fd70718d9E23cFF889EABfd9C12707D
,0x4Af8483D9319aE4221Fe4DeF136B4CE4C4D8bFfF
,0x2893D7Cb51D64643E0e3aE4bf6522ac887E3a4bA
,0x9db36f71811a401522a147c7349e249Bf1e3574A
,0x2F6BA4Ffb7da71070B2c76AE25e36d5DCa41dd24
,0xCb08B443f47fE7647b1803d2BDBC3C5200A1A70F
,0x67dcfA7eec493c65CbBD67fC15ACC50cCeB85c12
,0x70AcEf93e63A2Ddd70d01d74DcBa02367969eB0B
,0x2891ffcb8B750B51Fb122eD9FA623a059435501C
,0xEDDbdCbAe9DBD394A3B531f992937a04c52E72Aa
,0xe84Cc7758FFd4f5d832B989c0D23EC10Db493A0a
,0x83717B4F3a467642f7e5B924999Cbe5ae66e1F9c
,0xC11A1CC182829f8941B903efb58d12de86B00c6C
,0x6267CDCFe985A0204112c35CabFBd48a51688f04
,0x80EE8790F85bA3c12941f71842BAbF1766ceB776
,0x60695015015926A6d0bd06960F4888e8cbfdEEf3
,0x9e9032307319fFDCFB29b3a6B8939fAF91b67592
,0xa7abeEF57dC87475577450FcB8369916b896F93b
,0xF0138f136bf7FAb64E2F3148A3D98E10946400ed
,0x6be2ab4F9B0b7da1Ad5297F75C0043020154Abd5
,0x11ad2959bd3C9E4db421850a4E75df4E13c1be99
,0xa9f09d3f9D364898256b420901F08C79B6c8fD83
,0xf27B59Bf08b43de4E49bA98b6DE78C8E34acd78B
,0x6a27E6BA02f946e7695A4d516A748227Ad03051e
,0xfdcbB6EA18C7950195E3c94EaC3dC4538B3a8B00
,0x025a1767Ee391E76714277B211E6e3d74fE2b0a5
,0x6b243423026f9D2DE4612a6AE6a28Eb8a6B19f0A
,0x635319ea6Ad16B8EC2c41960302Ba45f04c4cA93
,0xC17198cFBD3C22C584933D909d4829D79BAd0864
,0x8E1aE15f3D13D0B46ffAa1A80D7C15a5Be5a64d2
,0x697eFbaDa5779F5EBF6E9A83440948fcf170F91b
,0x6C876Ce4E4f197A76573a4E38001a0A9F918a567
,0x61beb8ac3398d7d3708CDC250E25a717397d62b0
,0x4d67c563b66C48Bf530af272Ba323e9fc7Ec000F
,0xa17EB9BFAc255684dF70EB6d8e08680F5BCBD1bE
,0xE0d45dc2700f3dc43f3960D626617D1951E4f908
,0x6b9df263F1706DD71c10f180FE2Dc8c6B636b2e8
,0x587A3fbC791d17090385aD345392dEE96e206684
,0x94913caed427d3dd8EE758123d2C7DF7Ae2513cd
,0x57B968d95e99996bBBb6cDeCCb0858cC252a1F30
,0x2BC7A10AD9232e5E3C51360dc428521A976730F1
,0xa00bC06623b56a8990427F0F14211ffF6f90254B
,0x8aFa0B76Ca70b4d1FF51Bc14b0d8E53a1C509332
,0x272633A55E1B7Ad365b3935D82C7aDeFF49622dE
,0x54DB107A64f73B06026B777E735267b41F54B820
,0xdAc5c60965126F7AB8c292bb3D2a03BCB0558C88
,0x8799E670C552cd2293a2a8E3A1aC9bA79ae03B57
,0x0e231ae66805825c1c64cd86ee862125a1389024
,0xd97b40AfFa4B4A66bE213A775F5c6480b8B3E0eC
,0x3ECb674c1ff69f0192c800A99827660Fc07A4D6e
,0x47983149A8AA600953632d0dFCD9266dB44E4Aac
,0x0C2aC4d48E791Ba9A6B9b930a48696484F5B1ec9
,0x5e7b337bf8A6165eE2E129EF69684DF9109071CA
,0x29262dD98eB66d2c56C72c2690693275D0AaB31D
,0x3A452ab311c179c1Ce4fcd4BDCfDf1A4AC22D291
,0xc6c597Ea77D8684fEC1d55069508fC9E16A11987
,0xe1e8d1eC9999A2cA79157B2f7C221F2016f4Ee87
,0xb45Fe067eA1d81af596E9a2085799CC2191f9111
,0x1A4A151E1d967e88be5091ca86B587462D8C0b47
,0x8d4C50C1aaf90cB7D474ecb5ef5F01d9B5AFdB82
,0x6cDc30602715FE4B7237A30458140f2Aeed810bb
,0x8eC7fa484137bB3E16f655484AB2182Ad2Fc8529
,0x8018506Bd3F534CEbB78722254713389CE6CE6B2
,0x70C235b58FBE825EB399A038ada946E6B26928bf
,0x7AA13be0b124A303c15be2498613300b7DE91602
,0x0245C7486e8733f54cc9A58FC4a89A917fFA6043
,0x26481c662f88E9cF2bf4B240Cce7Fc118435faEd
,0xCeB612B6E70C583fbAE7C9299139555537391EcB
,0x15bc06658E281b8139eD6764729836d1ea89de5b
,0x9486A3E6E2EC0151aB50cf66Ef14557a20a18926
,0x8DF4215563eD671FA0DA43814136E85b6CF5D923
,0x03e5B544E36156a9640a56E043FAE9216fEf3D3e
,0x411F8B25CCdF570A24cEAd854Ba0925399b0E379
,0x5102e8e06955e8aF55fDA9F2B45C83e430CC530F
,0x0Eaa13231D5436e07FC3147900d0f9D502DA1a11
,0x54eEdf82eAB5F4AD3a9F64970A235A77e3395CA9
,0xe647e61687A0E68DaebE00972Ba1D452333EE3aB
,0x32C5F6e880115a32b90416Dfd682b305C4770861
,0x31338D6e0423e9E94B1d467fb0963315681Fd215
,0x671f4DF8943aBa358086951FD9a246c0Be8Cf839
,0xd0E18C0cbf6F0D188AbBC1d46382d311718A135d
,0x1403C285Bf323CFE0F61C29B8Fb2d0A30478bcEb
,0x49172d0611faEcfc5F014767A88F895f6B03A342
,0xD9408e1E4D356bDB30F403Fd3ae98A2643886b18
,0xB1b8390BC6FFC880F7d863944626B7CeaBAb4B51
,0xBCd79980923935f530273d8b0651157786e5Aab8
,0x5018A13F540A2a1a42606f51E02F98493E0257F2
,0x40A75Be62DB6e4eEfaAfA3D91A124Bdc313655f6
,0xdf3C49F2f05D7c7660e0EFE0A9cBB9b83b3d9C18
,0x4404D46dfaAb0224284eC997eA80e80B1356CF36
,0xf9d956A28bFa35Fb17eAb44daECbadcC04D147b9
,0x2427351340E11c212DEDa9c75F821510556AA2EA
,0x0C5fbE8fc41Db892d88FDF5EEb21bB6C6f814Ff5
,0x3Dd297c62F23FED1B4497a5D65197DA4D28706e1
,0xB8d4d64Dc8cBc8ce8bA00E24f544a6d5a1320EfC
,0x274b1e15825B154732b36BD29724fC9FCD20fE88
,0x82BFF4452ac9E35F0000dDBaCfA6E57F258bF9ab
,0xBCa6a5a9963CDD986021cFd4159A22dcf7C9BeC9
,0xd4C7CDf8d67De287bf88550F3dfB8b64C4121951
,0x024786F373a618B4b2d5314b5bd5AF21208979b0
,0x3D149Eb14B59Fc24225deDA51E4B07d60d9993CA
,0xace9ec04B1feF2692797de14d94f477cd363bFeD
,0x1a447fC939EB144bCE70e14B536ad0E8f2feEdf3
,0x765adE4721442911ebD41C76cc751B5ee63194D3
,0xBe9df3Ca3C158C8985d0baC4DE38Ccd62b72E80d
,0x306463BD718B6d05D10Cb49F01f69A47257e59C9
,0x23A801a5530785b501CCA02f4D170eCaBC96E015
,0xbbef7C2e1D8767a13083f1aDBde908C126C3eBd2
,0xA0254269dacBC3e5C16cd3Bbd40426D0749CDBe3
,0xfdEF4Fd7184D449497C58F0F7B0ee57B96F84704
,0x74980c5B7AEb12d9E2f32E5806Fcae147782F49B
,0x05AFCd5FF315dbCf4F02C5395fce51507065C6B9
,0x8555440f9Bf9884fc2E19Bdab0C0E5F6ea63Da19
,0xc7Ff5D7Db20E88AeD6037D7A5447c66Df692DFE4
,0x89927d1CB2240a755EaF9fE4fD07087E59E64FEf
,0xBCfFe7a446c99d6B886d2b71f835E46623D5dff9
,0x0A001585cd6742b408726964e5a85Eb1a5302B66
,0x3749670Cd34A1BA4Cb09dc7DC9a379687aC44D46
,0x9AfCEED06603660674Ba06827dC09323884E1A83
,0xBBfa23fDB69926e636268b7D0B44b3ba2Bd462B7
,0x28C5a1af3A9B6130eCA2AbFad7ac496949182f29
,0x8726f948e07dea540e1d40D131d8d3CB4a0EAa43
,0x892356d1F42bfF68b71D035e387e3d1E59650264
,0x37231d80d39B9C1Ef0d49e93474894f26C65F334
,0xA7F96Fe708c83d88846bbd885723b41c94644339
,0xb43aa5a9A65490e55372DdB207D1e9f41048a581
,0xD4fe82A75C438aDaDE7762B0bA967609aD21470F
,0xae92A98f4B17Db9e0C3240F85Ee0f74511Ab7E8b
,0x7Fcc0727BaA5544D92F1d81D69066f4469203cdf
,0xBc53e9615fa1F1b91E292C46F059457b144D7f4d
,0x2DC223Ad66CFD9f60C4950BCD29470aaC53adB28
,0x2201cA0B5Dc9655B1b5BD5dc0290bAC253d8C1B6
,0xe4837a51A302D648a642350350D4aeE766faDd79
,0xfe86d10e5674B7f9A22c3fcDa78E64DcdA02BEf2
,0xEf867a5B24Be44C4D55f9d52Ca9A673822Bccb66
,0x4ad3B6ea897B4577236504DE723eA0aDD3c9b7a1
,0x90c0a6f3698EE109633d214D0ac226923aEcbf09
,0x0D99B079Aff8C3939Fb1b1DcA70CEb15eaE6b08F
,0x44AF53aC3A0D9a274C2E20b93a8914943d045CC9
,0xa946D8402B194b1d3E50e671f14F49726DfA2F1E
,0x19e24dFe966e5370C604084B1091AD9390F4629e
,0x1CCFEb8184CfaAD86B84D72729a65B8Fb3EBBB5e
,0xbfdEf6737E0F4d53D5C79C1Bf4c2941d20546FAd
,0xB18CC373046B1C56dE99D097B6b9891C34Be2102
,0x08955b92dA3A00Ab0C8a0AB901f1A42bc193beaA
,0x4EB8BBD2FBc74d72EdE9353Ce75da5F08467B00b
,0xEB4cEB410E8a2DaDCfD4969c7B0CCd28eb0E1Bd3
,0x3873AbBe18b94EDC9afc4B77f01F1e75adE0d19B
,0xC3eA5ae1111BA1eA5e29Ec9449525beCC5D1E7d7
,0x406e276729510ce3a427f0C4364c4ba9C00CFF68
,0x1441a9Bd1086a20CAdFB4eAF6e729D58a37e3250
,0x7aaF682C2BE2AecE430D40eba300F22C0904048E
,0x747D2cD99D2EA59e0E7fcFdE11badFe53295EB36
,0x274fb702Fd8234fbd1209A6b5199F3b6978B501A
,0x25026315a32359eB911e52f697a45A109d2062e9
,0xd86311445481F2DDA81843b88D58B1C2E8bDDEDd
,0xb536172A915A73b5F8d712e28c49be05f00858fa
,0xc12623e9999E4c612f92C7C00536e504CCFAae1c
,0x630Cb1f7B30f40503b13E1397803BC8dfCCc81B4
,0x544265E388c86422db510dE81D769499259f9241
,0xC62cB29AB90d9dBD050A9af00e7fADAB026dDdFe
,0xD8b086Bd1f343a50174441C7faEeD2C552fcFED9
,0xe7c331635259bfC2B5187bD829d3f03dD671711F
,0xBEbF856b489347EaAde7130577C15Ab9f7562AcA
,0x03F02cF8B914c892745eF88ccE32C8BF53fc8205
,0x728b2f56b76CDc26bE32cdbd5A67BC036bFB3171
,0x5a19761317A8e8378Ba128536a70F857295F5756
,0xD37bbcc9b955800d60e790019Ee8A49Fa51ce91E
,0x12e772B1dCABc15F1459A822D57fE948BcfE42dc
,0xa19279935D2885C411Dc9b7A108FaDE9daA4857a
,0xC1B8Caf9f2E45BbFA04416c444dE31eD16d837Dc
,0xc74E8e9B2ebA308257bC4aA706e54Abee4EcCAec
,0xa211d066104A3eBFC8BEb640eb1e8E4b1732DD46
,0x9fDEA07A720344b1D7c1BcfF51322932E2DB00e5
,0x18E8bb7D3A7382D859F0f8d18B6B1de1784259eB
,0x43F49AD9d937970c8377D15A29cD64531a28Fb50
,0x14789e54cc8E8D4c02Dde0d118c0D377C30b8B3a
,0x29C0F5928e9Fc5C1e2044013E08B9D48cF2607E7
,0x85F81a7AF992407f9a7bBBd30888a3966166a1B9
,0x072818a8a04B4e19F1b5847931B972EeF2e1786b
,0xadf9e9260A7D3aF29c5f37aF815C2f6242a352A2
,0x138eCd332e8bbd6Da6c26edBaC5EC1be4f998Acd
,0x005422c02eDd2d58e7B7EBd29a7E2Cff1DfB554D
,0xbE9DA82d81B7124e59ca611449AAa757375B0542
,0x44aA2e304F9C835C4D34D15785C4D4705F460A67
,0xbEE3940f914A3c6a615AEb46c957D0e7e0252477
,0x5c922c77e0a37098350c5884A27C5aC0964a87b6
,0xFfD8f1d19B08d98562233F5821e93A347A557E05
,0x49BB9a51B2ebACB24292bcBd08C2606Bb414799E
,0x7EdaA0E536C54905395fd2b0316f152eC44C372A
,0x9049442d718a2692FfdCc7DdCE54CC3882E5671e
,0x3b9815eB01ac510a1C568510670312f5dF61D694
,0xAeAF2e01a15E98AD1d8F01ba232D07dE332C74E0
,0x4532AfCD24264d60AeD36C2b1CC025D6F84720Aa
,0x4F23df79d17027ECE42DCd7d472105E65Ebee52c
,0x0A0821E4B0DF7686d06d453dC3163780e8fa9C5e
,0x6Cd6DC41aa7c2229E5EB0b1F1Efb1703d69D69a9
,0x7963F79d86BFC4E63Fa9aed0DcE44D89CD696e7A
,0x1A4660B4b7d5a8f02bDd4E543D596459eaaa293f
,0x84CDD30dD0139d0fa0c7f32cf65a3E2977fb8024
,0xec7589d6bA7c928Cb5Dd833722761c3751Da7d86
,0xBE68E03603F03A60b7F716F4C39C7d595d52EE30
,0x863142A75ec04C713779FcD396175f4E8D0eEEe0
,0x0392F6e41FF2cf5A0feb018eC43bD975CD8F624C
,0x01b41E96C15bEDE7F9Bf300EF274F58978e9Ca8b
,0xB9E3d5F3879d193fCaf01fFbcd41794409e12B06
,0xAbB2b37411e5778AEF7C0C9FBf373CC2aEf02803
,0x3D2A2B423dcF0Ebe25326f34F6D9e7916A9cd167
,0x439149142f5C18206cf995EAc6efaF1bCd0594f4
,0xdd5Bc31f0d9465A52e4275CC5dAa8E2032eaa300
,0x6A0C3a5D904026627bD934741BB7d3034DF6BECa
,0xa1aA4fC5E9a3e5A3324f538f866c6124daC744e3
,0x2A7b10b6172d7BFB169fA554f3043e7cc23be1D6
,0x4Dc728b00a952c46d0aB0e895C331d2A86a97ddf
,0x41159c60e613cb72C147697320136506D06039C2
,0xeD7672692Bc9D9B8a6A1EC9942cCba1C1F1B1709
,0x655E66ac154B0b9123F3f1A3Faa1f959ce144c25
,0x44907Ba4B1843610A7433dd5f8754886BAd07068
,0x6d38FC6Bb41006f97a899E63aDf6c3dBC113084b
,0x8AAaF7B78BA559E901dD5bDc8f7c7A62C0B0648c
,0x8f6223281F75997c44762f09fEC155488721f697
,0x5db356dF552F8ABA826C2dAB855392714321E073
,0x7d924f1Ca107d9ED47B4cD390d79E822C8150056
,0x40f0AcEee7563A670feCaB26ddE4476bca3E8934
,0x35Ea21CE47cD1C805534c46a818ebc43D431233B
,0x6E8AF7D1cA7d7C2b9f00C83085F5f3bA3904c27A
,0x4A32898612e4db17e9190a1Eeb1BB03f3f7732b4
,0x39A1872B8778c5FBf34A8a652d893233715309A9
,0xE22C2f076692b96E08E4B74421c1394b9Bb9C8f9
,0xBc4bFAF44912414088Fa632092c2EaF3Bf245C05
,0x61D2AE4Be381d66310c5fEc331d603d588872E18
,0x61FcDf961bb2Cc2a69d1Ba3F0D2753a33426A016
,0x318B5678A8137a0C930BCdB7eb5132991269a26e
,0xa746c256a2FB121e9C757B41fD0D6B3b4435b542
,0xB05446c8A5f90dBff8EFc0198ae65d98f224aD2e
,0x4319cf71452f396d97dDef350E8cDB0f53F89a09
,0x9802e52713C2750ae8745837E27404784Ff7Bfa1
,0xaC8eA430aEFE24598E0a67001cCa63C7F4516f9f
,0xFeDf514560B8C8D6cf3aC1584E7FFa3023773109
,0x4C51Da951C353D3b6602dE7f7c59Ebe25884103b
,0x1e9Bc39132E3B81743144538527F2a9B0BD29c52
,0x3c98b0FBDE5dAE40f4c5A7F5426a4ae700a89Dc6
,0x09397aAEC4CB750E6B0ADe8E10b5373f09223Fb4
,0x25C1ef676bce4A4135496d18496c7D88334793f0
,0xC76E4BA82bc3C36C541B2D1A3CBD2b154426e0aa
,0x71AfADe7da681808490D928D4B04BcB965BCDA63
,0x27Eb3b226f4A7c96590B059C92806A5F52Ff021f
,0xBaA756C84033733FF006728EF23dC800da5A6B5C
,0x4DcaEB43DaFb5959541795746093834458804FE4
,0xB7A20A4ae9e43ACf654EA209Eb52FaAb53E9B391
,0xD0d65D1dC423c654f5051a4e4483F4Ac23DDA0DA
,0xbc0382cc31a2E99Eb43b4A9f38802F585F022B46
,0x62c497fe812b2cAcB39160880E7dfc2297cac203
,0xaF8cfecadC93a490ab6EB6194398aB29fD6f1CC2
,0x81A40670eD35ffD63659089fe621dc5DFa68A23B
,0xf034174AABE2e196A6824388FECC2c48dd64F003
,0x0e5376F2f5BF06FD2De7B3a93aB9c5239c3D068F
,0x8E9Cb3c5a5FD17B42cA31072f01ecB9782d9d518
,0x991378015F8B7E3051aBA6aB18f91f7fd9fEfE5E
,0xd24437b3f474FD369437435cceEF224181c18DF8
,0xb48209aB8d30e7f10D61EcE244d3566f63b5E2Fc
,0x67B053c290D8188cc85B4B9BC269749918426996
,0xE5e018E4fB16969C01C03007AfACaC358cC39b01
,0xAe3Aa84f9e177B929B6074a562Ac17132f64B890
,0xcE03FCd572b0fAA685B83147F2c542A775602751
,0x2Fb745f7B8476958716E91Df2cBA7296d15E5353
,0xE1Efd3F530a056eFCfd900e16B8DDf5a58022bFD
,0x4CF364ae400041694158C999aC8e8ac5f2cbAb82
,0x6193F9CD97Fc27748e25Cc7Ea23c8f569b200823
,0x6bD86Da990a95Ac8D38143926AB527005E3F68F7
,0xE7DBCB7F6447749a59252C9D334dd6F587115ceD
,0x7Cc61A9D4a61ed53A5f0844C3D0798250866C220
,0x926dEbA61201D0985d0e632D2BFaDAB951fBA3D1
,0xcB1a8417CF07ec5568E8F129Eb98bE3F3B35498c
,0xc67fA5bd0Fb15051Aa4b784E17Fa9a424208d384
,0x7108925DB163FCB93F9F5C32f703147820cDc541
,0xC92c025076bc4d1d573AB9D6F71832205A086c1a
,0x2C0CE6bCe3B02A71fae8500A8dBF20158C3606Df
,0x9575A42aD2E1246c7a258761f30813B847d5d059
,0xa63C1A318dd0F5d5521b0a943A5e4b91C81Fba7d
,0x08F30f5d9D3c24d320567e2262f2b9928Cc1b988
,0x624aA88527cE612cD503d66A86Dc6c3fB0Bf3C5C
,0x39654C49024bB69a68dd9c5fcD541B4aB4d95017
,0x94B25083057108Ba9F611e2195F98fD10144098a
,0xd7FCBe861837eb261641F03d1332AD470E15c1c1
,0xA8Eceb241f311E6f6fEff79B048c1dA69948CF3c
,0xB3d7570e29b82581A76F64F654135a541886679a
,0x0f46578e2F2706b78Ec852fff11525fbCFe3505e
,0xa92b88838f84e111479Df28057cFCc5f9F18757C
,0x51ef653dCBF6468422D2F8cf29CF47bd94ad0e80
,0xB0596bBBFE918C55CAE00423004DD405518509eF
,0x5ccbE7bDB7eC575C46E606931A1d0D7cBbf5EEAB
,0xE09F8dd7072Cd3A270b494B90D6956C230F96313
,0x61b65df4F153f0b6f7E1162499b1a0ce02A063A6
,0xEE057DC4C327D9f209d00169d699b12FC6Cc9587
,0xdd54F9cBb5ceEA18c7febb21eD3eCDEFC0d49a7a
,0x3A90D1BE6335C8175Ed61d7fb9FC6147EA869c7E
,0xf2226e2C9DAeE2b73739b21C99c54Fb01EeD4308
,0x6fD406A07ED60297E68FAEE980a0b892c6e07738
,0xe48D665BD8fC3405963eb5c3135a4f296391225f
,0x43EB92a72765FB8B8378Fca6d6756305AAb333cA
,0x172e2cc18Df5c298084ABf7BdDf86aa62e58fF7A
,0xe9025C06E00cAE5b0058eb85D9ee1E7bdbC8aFF3
,0x713Dd7c8e7E6cc933193bCA988e9876D9a317800
,0xDb4D04b580E9c572e2b480ea3314a7AaeDbA60EB
,0xd0597B840Bd65d16B521F3ADa953E8937f53b675
,0x38B9475012bB6F98C3E39c8002E40a0cb7ceCdB7
,0x974862686Ec9b07be006d9Ad318C96F0B2c6Fa3D
,0xf8f16F32b935B500B35Cd6b38Be74de602b79340
,0x1b04c9942E07Fa59695E71c49f4890D65fD5e576
,0x8B1CeA189358f0d637E83891a40355c293384B6a
,0xf3403C6a8b85cd23b1a89BC8D4f4245194903BE6
,0x4535e435b0611E62E0287971204406D261d95F2F
,0x0F625C8591a366E410A2763538b7c27D01c6c901
,0x5C0476e776b823227EFF98e6583dD7E5B5e1423c
,0xcAdda1DA2aeB50672A18d0B33dfbD63BEC29dD54
,0xE8331176FcD4eCf9ED3F73075BC41c4DDb3112A0
,0x592603869414C31F3A1b52fF02f50Fae4adD0df1
,0xF37d8cC542480386CB7EE9504CEee6e44B8435C1
,0xFB2ac811FF4175132B34860356b6873BC35C8DA0
,0x43319c66a8E162564Dc38852C7cB6364316Fa062
,0xC3e6f0134DE88F86DF8B9B4e8415A6Ec21d121d5
,0xA4BF0A501458477c2EA03A77F374497b4DceeF9d
,0xc28b09322c536327fF62aFb986C8F0b793aeE7da
,0xA857943CDF146a91A7d9B3a99Db12741a5Ce8530
,0xe88da38Acdd4762f00687e0BE7E54A784bd69630
,0xB3f1C4F743f827b51c79EE53586854Eaa6ca0657
,0x9900Dc5C56F64abE9C73E029dDD3C39AFBEadF8a
,0xaD765A7B8DE97056aD58d64485687386a35F7a00
,0x6b995Eda2304a1Fe7B82B526E5A1D1c0bdD5aA30
,0xc6954B99b03a726444751abea75Affc73De87dbC
,0x21A5BA1379Cab080D46cfC7558a471ceF3985Da9
,0xFab68B2474F5fBD3B4072069779E8D2430101D15
,0x4e527Fe82189b5E045A7E760a457B19b103B96FA
,0x05AE8Fd6339C56F4A55790459De51aDADb0F3820
,0x68162Ce5335E394917d3eA87C5212873e8D2000F
,0xcD759Ab24a3120bf1C3fCDC651A03966035C34d9
,0x36F55cb1E6B71fC026D08c6B5Ad5496243bd450E
,0x26F6cDD3595fbf2733b0Be1fBEC8d6CBac7a4800
,0x1308666fbAb46C88E429df8DEaeDE6EFDbD5C427
,0xfc34f51874C20638De863da741c56FeDEEb64762
,0x5469720f47147B8DCb9669D15712469F4EB23Af8
,0x85ac7d1703Ac822e170133D9ca3479FE85cAA4f9
,0xF36F5420f98B401acC2286Eb08eE6437Ce0D4502
,0xcF5449443732f0aD8Da53fb8e87858A730Ea069E
,0x3d2D59133B75470c128AB30E02617D0493a39d16
,0x5D2C662Ce506cE4aF7908C6F112b6FBd60715f16
,0x0cFC69eD10D8191a8BdFa07A45B3c391fB6B89b4
,0x24879F452a668d521768c4700c5c753F6AAfae33
,0xc35a3D7F2418A4EAA856ce39031Ee9aACd39Db86
,0xfBC09F7e39fC805A4838575af18Dce193Ae99D06
,0x034DaB049B48943099169091705C2D623849B741
,0xA599f4D442bD6f44FB6bB122077ff7E1BB024C42
,0xe2B6530F6cdDbf84E21a443632b491176e00E2cB
,0xED580E65C0a35BEB9408C44F339D46f59d43B849
,0x0a2EC30C56665e8941bB7707B1B7bd6AFbea95c7
,0xAB90B5f015FEB8D06FB9Fc18D77dC5A0De95e0dE
,0xCc71d301f7bF657E30Ab58Fce852781c8B7D14dD
,0x88944c2fD418a6F33DbE50D5DdE4eD2BA33d7319
,0x616421CE39C53954a0d26A5E08e35bf748344C6A
,0x959ADc90CC8290780E073C36c68fF46794C9A677
,0xeC27AA53CF0D48545DA43e11BB4fc577b85Fd12A
,0xED43164a922c5D10e52ec6aFAC7A963cD36fd4db
,0x5778B19A395fd622447390De22701F0205fd533e
,0x8E2eE98963df26cC6d279dCb194D502894DCAEB2
,0xa888b06773D3443598426346222A3572E069cB8f
,0x51807a45B9eAa234Ef4513D8ac7C5aEEaa22bd13
,0x98F056cbF9dF1483D8cDAdA38D3dE52AF76EB556
,0x586F550f6F8282DaB15D652e4c49F6233094BC78
,0x9dD37cD0Aed40Ee81f0EEf13cE86E29BC2031aD4
,0x118AD9B38B7F4c03C6f29883Ed8e3Fe24ADecBdF
,0x9B23980B1a11f2f4Ffb2f686B8EC3F6e5d75641a
,0xefE343c4cC289A0784A3730500f469c4BF4392C1
,0xE39dC3bC6d3b96970be21020BADe89D14aC0D4Cc
,0xF697c86c4bF5B40078d85F6fc06A116Ad2284a19
,0xFA6D2Da505dE42A617bbc640B1c9d169f6b83387
,0x4AF4373c18498F2720936A0c9b984e347C06152B
,0x5Db364c80D4eA245e083b3939677af7191794C66
,0x19499F97A7C2E5DF0758fA709c413F5A90eDA0c6
,0xf1887Db722eC7EBed692487051e804aFeB2f938e
,0x08279a08238548514f042525C89103664d7AD4ae
,0xBEfC93012A3e0856B62E641d6CeEE7757b21656a
,0x94d1249E866256b49c9f7e38275B23217be113B5
,0xBd2573e7a40D95621415A46b1706ba0d0EDF5770
,0x20f8ec87846FC6ED54BE2aBe39EA949A00bb9886
,0x01687589E4491497f5086bC3292A7e85Af0b9711
,0xFDc343D737Fa3D9013487bADc3BE3204E31e69a5
,0x34Ee99E4e87A0698d5470Efb04Aa27f3a51D36a6
,0x3d42797f940407aD5Cfd8FB4d099e7C9f7f6bF03
,0xF56Bd6bD77Eeb32fc484760CE9F00AFC2A31eBeA
,0x43823b4E5A514a64F111Ff0cbCEa64458dB1d400
,0x1F4Efe1C5e73433e9791f095BecBdAAa5213172c
,0xd382C221A961094f76930D9874D454e1e70d8cA1
,0x2A019C13347A6a2d7c554a8F3159dEf2b1e4E55a
,0x629E8f92630a22a5a22dB973df09a2aC420B9055
,0x3Bbe4031cef1587b1a2AF76F5116DBe06443D802
,0x980Ca87e38b60e8d0449652e53BB197A2191aE6C
,0x8841DDD4992b2e1216ea290216b39bAe84Bb35A8
,0x9dCb7d895e2Ee66dD185cFAFd2543E60BF1FB7a5
,0x9F02377F8082A425F66961511825F77A4eb4460e
,0x04E4c103e9c747E80dc645B192542E52e4463B76
,0x1e79294C48eB5988d64778d717C195ab821A0dda
,0x88aBF67c1Eccf52A4Bd2b5E89139ae97868698C7
,0x9d4b2caB306aeB98340e4498254b8546602F0011
,0xbAf1e2c2C8aA6C61B39212192544E67cf31D7a78
,0x0A9cf27777B550E48C5E2ebdDE2E70a93Ab8a66e
,0xBCae655dD9dEf69EaFF5bf714D7400C1C508aD1a
,0xc0061896693B8985cB21611B1f87F9bA171a1a1C
,0x24E2E8B5e29841d9550841fEBC0a248613eC4b0f
,0xbDFf25d974c417e306d99E2fEf49Ee5e4c2e6D96
,0x4faeB79F68c6eE6B37aa5009400843Ca29b5Bcb4
,0xE89B7aD4C3Dd34fdD086e02eabE078a3ad9F5850
,0xe4E2A05f6A3b250685D7B2658F7DA69Fa6EfCb24
,0x4916c805f387d2755A5EA61cBd346CCEd43f044e
,0x05E37bC1DC92Ef8FAa66e72E1A7b02EA42346A4B
,0xc87AdE75deD27b86da002f0a68Af4910764cc539
,0x8159d9Ff01E994361f71F8222c96c8EAd9E087C6
,0xD6613776f55e22B4EC7bA59622F4D508B2401e74
,0x319043771D3e2E5dc0b972bD71BF4c5955977510
,0x94c3a024a1dfBe820B3b3Cf5DffbCf3045A77e1B
,0xe2C2aA69F5A26fa4a18dD4B30aba9482bFd9063E
,0xAeFF439FDe64E0BF3d428e8d28dFE61f8A53A026
,0x18a2F25D6F56b48d592D28e70727fFb161156a6b
,0xb829C6C48a4A91fcC4b03A296E739f6A7aF06481
,0x7ab034E7e02f270028191965749bc030088b8061
,0x718fF8EfC8A710983bfC12A4a65af3eCE101aD70
,0x513b5DDF25B7E178fFA72a28A7045Ee528d0AD30
,0x9e61678c0203d1Ff62dedcc26D7e76B1b5EC1F71
,0x5c42dC3691E735399924c3e16f31B28d9c11bde3
,0xD9c76a22B16bAC45B72d99Ab50b063E1D658ed40
,0xbdBb96cf33F7Bf5566B0FB6E6987D2Ef933ee7b4
,0x3B9cC3406eA8A0d262116df21C96C3f55cE1F0Bb
,0xB83e1e0D3f3E56485C4f473fB0532F907c3Af945
,0x3f1845d986d0CA1D1379b35d46DdcD202d4e1890
,0xb334038F5216Dd20AF450713001C1E398D15A299
,0x1F569687A113D79cD1f50ae0F6b92350Dd136134
,0x081FEf57eC583E93fe436629C5293D69009d03c0
,0x1dd08c3bB7a9ABB3F0eC4E43a8f99F3363d20bE1
,0x7864dF4EF575440F5C80BAB5328BdE7C1c941913
,0x4D5CF5870768878d31B07312b0a00C9531514ba7
,0x046eb4360d84C5BCA02561a178051dA3390Af9ca
,0x1f122e5527A30E2dE8ABC28c916989F51bfb7300
,0x84a9Be30b6849adBc355667bd466e57d5Da8F6D1
,0xf883fB3a957e7Dfa5152246811cc99c7454a0DBd
,0xA3788764D0C7fcB6b44e08e5c9bEe3D00AD6F385
,0x8208eBd7D9bb716bd483bb4bcf91e09968Ad9Bdf
,0x29ae9Aa2fC6AE2DcA20f81FF5a5724E483a25cFA
,0x052cA7c8585096E58aa1e6f43120B0a7F11976D9
,0xDc8E103A129B725f258B955643BA0C22cE4B9ED0
,0x4A8D515273f84960F910656AEc0ADDa656309715
,0x4c135Df2B5E9920298937Edda75A0fD532110Aec
,0x81221635Db8f214E8Cc28Bfba0c74A88e5360B34
,0x5bdFaDC81832D6274fcCC2c723447b0CFe58a6Bf
,0xBa040eC426c0BFb6bCec0E3a7D87666535db3335
,0x86C845D116e22b9Ad7DdD5A5d8eA8A164924fA59
,0x69B46421042a21c38AEa1e470513290d433381F1
,0x3afafF6dc7cEde2bb8dAc89De151FaA27586391D
,0x120E017c9921813680e3A21AD8190Dc0d1e5716B
,0x0149346F7C0BDA98652297F25dD910EE84f72163
,0x392Ff870E6F57b31378662787cc5a9475d0240AD
,0x48a5E4ccEc1A1B9117046c307563D41e5F79B944
,0x9b1fFce66B5f57977808700251cB585E80ACF573
,0xb601a6CD8aa946ACbc13cc986682D4C8CFB07742
,0x4E33Ba9564A0E78e983106A4A64c7dFa0ac3Ef6a
,0xFa7D1340b1Af905702bF28B4C5Caf1Cccee0a2d6
,0xdBc6697Db807716A0B23e1B8453d3a1be6000323
,0xEE5392dfa08734EB9D2499C203Fc760e628aae6f
,0x3781ab8F0A72EBebC273565D6fa579FD03619b8a
,0xFc01C60Ae8c24207d617A41A66867854F71b4A65
,0xfafe72f387f5b1ef2B25FA7A3904b455E93a0dF5
,0xFfc92e6Cb6A493db1673a1c3591a67bf7259b28b
,0x9F59D4cDdeFC452b18dFe13bba3fBbc8487C9013
,0x3d5288385287a9cc3ec8c2065B6ebfD166249f10
,0x8A298D1DcbE6185585a291d310FA8c2B0FA6EF02
,0x11CBD472E2e248BD46d2fAa26Dc0a2afd2E534A5
,0x79872Ff70607e11F4740D2f37f488C04613bf056
,0x97D9E37FfB6E3c93A5621dDda09910a8a0616aD0
,0xeCbfB41CB3A7b76FC7aF47E435847f2c8B147351
,0x90aF4E6bD405E9f896652fCDb020e5dE14BeDD73
,0x5E3351443098bEbB1841f339fB8dCEAFaD4cA67f
,0x3833C57583A76776774A04dFB8abEBF5875428e1
,0x69562F4D56C4Cd321D09a4FCAA8E56564c07B6fC
,0x77d58446083c3A969DF7a3c5eF6936953539166c
,0x3D8f329c7155cbc812b9E3cf44f87614F14b55B7
,0x1EcB81c7885F546CB253bcca10b6b1eae7e0E254
,0xAe201C374EDFda5fC0EE1d29e2c6beBc88e16192
,0x644DDAD8e9b19CfCC6459F880dD89273293D256b
,0x5f5C723d35C116294c62ea80e766387F6511c1FB
,0xe209765f02C93a6b4100c6d0bf305d44b2C740Ee
,0x6A39F158F3D415f01B3F580C3f432Aa0A8344850
,0x74978291bF37271E568dA57cAD201E5f87a25017
,0x8bA3410aCEB32a99a8E82E2Fd77b7330c83ceB25
,0x0258C0006306476581872F94E0faA9D579f376bf
,0x96b33c4d563Af7596c776F11C545d6E10213bd94
,0x360a1B1B116BD817dCc597fCEf5809438B8C4e13
,0xc2b1b9598C849Eda9579506BE15A029a36FA7fEc
,0xA92120B85F0e933dD1Fa1BE879B12FE66597Eae7
,0x7B91714c4CAfbffbAcA87c67bCdA73Aaa9Feb509
,0x82D82eDC358Fe80b335ac198b85b55d7F40E2008
,0x9886E7ae3f79ff048Ab42F5Acf86eBFd6d41d98D
,0x03c371f4B70DaF6A2197919501c69bc7B3F974ef
,0xEaD78DE6DdE61C9EdE3582FeD38BCBCd2a8FBdf3
,0x93ADEd26162cDfF39B182Aa598c4e9B7faE094e2
,0x5c4C19D0CC724FA9b3dA3B3eE474A943380709cA
,0xF5Ceb570aE46E5934478897F71B7cb696b131d2F
,0x7c64176359b23CA446FC392e2716175Dbbc59276
,0xa8d02284A41d1173500528532c4E130a9df53fa4
,0x1d1d0f6A91A82532803127F650a56C7ecD365463
,0x9eC6ce524A0a3b99bab801D88E6F32c1b9CC529D
,0x431788d4ED54e5e93E98B06b39B7B2917c755820
,0xdc6aDb55223df034a42be9Ef4605283EA93FA450
,0x3BD1550D2D28de8b461e322Cc53537Cb2FDDD9Bd
,0xfe258e56bE1a4287606a9c17ce94fa2d4f1D6649
,0x2E6d9423f68540F86A06E28F9f3F94C49DBeA69b
,0xb9ef12525AA7e6c160E26aFC9a064E7ee840a123
,0x31573F13A04A96dBE76DCFc709c51Ff7D229F0ef
,0x3be76897D2A266f1883B26116305E52dE8bBa739
,0x37e1AC49C1ff25DBc35c1590147922EfA26C97e9
,0xdd156194D11BBeDFdeD47e81a9e5ad9aAC311a82
,0x90C11092EE38fAEcFC75493821aE0b027700445f
,0xDCb351f09a97A0a46E0F6e7C08DC0D30321d7D3C
,0x709c1381252713Db63f1eeb924a92fac026F54F9
,0x6fE047764bCD52A048b1Fe53f8643Daf63C499fA
,0x30446260c5007Fb65a7d6Ff0165F3B3472356788
,0x458166DeAbf4fb375245FD5EAf0f22fa60584540
,0xfbb1c9Cd70e6A802d703bbD03227b8c13F0ee45e
,0x3b5eC4Dc21110ca01D62477B53e97FD4368Eec9D
,0xaC0Dd505DC67de364A4941756C57D520D5e15CCd
,0xC9696e9d2afA8bE3822d2Fa2DE31D7Dd3Ce6B9b2
,0x3a1dDACcb2E551027c4a519dCfA05D270Bc9E2d7
,0xfDC48f913E49Df9a1B4E7c3126f1B3Af92007A81
,0x0256dB2b47604FBADa170B8A0745d0ae20311c88
,0x0a601d9cF5122867aD9c948DF563Fd2D15FED22C
,0xd99789f7164536973Eb78bb53f2C9462829C31cC
,0x93a0D4B64363Bb33a9e96bADD3E85036b436414C
,0x6F3b8CC1F108fB84F0227f46fca2e961ae343044
,0xcB63e279508d905Fa10aC31EC58891EB381a4131
,0x0CcEccF78909324BB13a83758D7A2e9eb4053a6f
,0xC4a5Eb3feF79c4a35CB933949fd21B23E6428Ebb
,0xE274Fa59df0c5D7e6af194Fa5Eab60aB4b484Cef
,0x741055FdF94140b8B7cFFb4E4045Ac469e63113a
,0x952643571cb22bb445d457d66F9f6be0Cff7Ee38
,0xe5287D7595a077c898ecC9a1b2ded07702385F49
,0x11A053Af80B51Ca2a4Ff19c4B249eBE986816503
,0xbacC5a6EeF9A21314EbbD2BdF5E34a72C7F24975
,0x118F19EC152D64c277999cb09b386f000bA2cBa9
,0x904d1Ee0Ff272ea7bb0A9b781564082a8ef7386C
,0xcE2bE7D2342249909FAcb804B3Ffd4a61E3d1487
,0xc3aFEf861FF7a3cf70c0E588623bb23f00c93Cad
,0x5b27A9928291749ED9CBB99E30Ea441f38415949
,0x08BDA57d4c3C5ca5985bc3CA8B6632B340D8DC2a
,0x6cEC5aA4c9f66AA70Dc135fd5B71dFB3B9B18aEe
,0x7ed0cb754de66c78e710258D28EcACBd37AeB7B7
,0x9136220Dc19930d4B098254d4FAD6728082aeB51
,0x8B042d00d72BCb63e7A92935ABdEA30b66BAcF7A
,0xcD74D44Ed7a84ab7E5E583399c83794Df4adC9EC
,0xe70411ed19d15819837faaF3B747F7600870B61d
,0x9fD4b68bf46498A2A40BaDbfC0a4Bcdb36CdeFA7
,0x1762190604CBf3B29Ff69613775C4Fd24d474713
,0xe14B1902AEA7FeA3e077cC09bFa2f20Af98ba7Af
,0x6f610e80e4970008E7810c3e5e23C31153476fbD
,0xc1942Eb12e70323648368c967194070bBDa6928e
,0x0CA3D14ACaE8E50D298E0a7FD3D1c51F8C1f220D
,0xb19bf4481009686c9970326F60B4a563fbaB269e
,0x3CE355166B63753a3eE1ACdBD0B7a82825Cca4bf
,0xf993b5Ff142d2623F6ED33902dBc2a9820e048c4
,0x1dCB547FeD2492eD9C13Efc716875B023D4e577C
,0x50b17e6bCAAe8E12d97a2fC8CceB839a7ac6B869
,0x3BdF82D9245E1A1B457153AEe393e982e6184d69
,0x6d91AcF4aB2407c995dd5521979E4987534aEF02
,0x6a4cE502156aB70B87ec60eD4a5Fd4F13702601A
,0x64EbEc28487F7dd6593A5c8a5D6f4AA8a3fa9dE3
,0xE3E3B98452CdC5B38b74B833b83c526D506BC3d6
,0xfa21448c0F251C4dD1914c61D457723D6808D23a
,0x0404421bc387840Bd60a121bEd5b8B1d111569f2
,0xFC2Db0a163787dc6457BDADb9EDDaB588307Aecc
,0x04443e9daC7ab1b8ffF68844DAECdA775f77154e
,0xF8510bC823D60ec148395D54901B8e563102ecd3
,0x9A863cabd33F4F4D43B0ff11c6fc1A13001e610b
,0xe97d8838804F17Bc735797FB02AF95C27346558a
,0xB9F4D39cAc947AA682033ED9B8400bB663c2Bfc9
,0xb5F29FEDcD9d3Fe34f26533CEd02f3F22f488685
,0x3599416C457d0ecB5dE832BFA9Af502e62d72E8e
,0xEeC8689E810aC75275dD6D69BB759cf856076BD3
,0x3A589EFB4c1767946D819A3C0015B132FaBFa17B
,0xf96655e40525D922cD00607dD7252410E3005Be2
,0xC08488A106B89B98f8cFed945EC8c4746dE7e487
,0xD9Bac383368fb20aE63E6b81E8E19921F056F2A7
,0x641C259d7A03fB2faC0a9DFEc1B3d84E935bC044
,0xB95d92966D744f059ad3AF4Eeec909BA8594f205
,0xF4356a3f359f2438aA3D5414e8BA6c905637fad5
,0x42Fdd7A13C60406A9F331db50F216F5FAD09d2B6
,0x0416D31bB62ca2A22a548675BEA31150C2D9404E
,0xb53802DCda758c47D6281380e0CFe9918d417411
,0x1D4fCc7A19a28620E8ccBe4A1C4aCcb2A14B8f8B
,0x89861FF9dc5532eAE450E6F1080E85f4A82Cf7c1
,0x7fda520F95B80b66c7069432E69Db730A53e9ddC
,0xfbdF3DDc00a7E8518C1B748Cb74d4703E5C7c76f
,0xb6F33D058638a50E22f615bf98176F4B7aA12313
,0xf12Bb141D679Dd3e6AF93E6D7A2A094A962a743b
,0x65A3355Eb164e770396ad3E7DDEEc9DD06B5c91a
,0x6c293d0E8Fd4f9AbD4372B117581EbcA4E5A5Ab8
,0xF54e1dA2582342293b49420e927305dc62Bf0304
,0xCE11033f054084A18Ee3DB2747BC79Cce5581DB4
,0x71B6E9Cf069Ff58123335Cb2E5Acc63A24E7D147
,0x7F47064691106C8D4362E19A23F539529F02aAbD
,0xA2df5ABa5667DE94d320228Cd4A80902B89eE46e
,0x3a8F4D9dc1dB4eE92317e596432316aE66A2AF52
,0x859ce58302C65D56E260b7b3f7FC80CDb9776A39
,0x34C035dBbaa4cc91Ba8EbFcEEc4FeB77F88D342F
,0x62f1A34B0138A7406CE5512617C6F1d5c296Ff1B
,0xA0cAfB2A466beCcafb40FBBA70d0FA9F1B7a8479
,0x10327A43367d974a323de5DEBEB11C740c226d40
,0x2eB38c31657fE6F0A110a568A3873D695F901979
,0x2af444c3D00151c433563738d08fAEA2Ad5d10f0
,0xF099D4ccCDeEd962cCdc2C90e41F6f0BE8dF77f7
,0x525A3631921C735b899f2CFBf9F3104795727165
,0xA93F0481565dB34257A2372d80F8878e33F6590b
,0xCD0fBe76363F4141e3790616e06c3FCa8b8b3a0b
,0x634383201eB26d8b3f6309BAa4065C97981f7b70
,0x6b6Ea19DA070239077430a1CA72Bb6b817D16b58
,0x1B08185d86445CD05c1B2e667c88E8a897d3dDD9
,0x150Eb69ac4cE2c23525Fe3a7BbDDa509Ed7Ca5bb
,0xF60EB86310Ce5f1F7Caf99829Bb6DeD889D458f4
,0xe30A71460dddffC871B72765705D22963c5AEEB7
,0xd9d6B96cD6D3448E2C8ec38194243c2e24006650
,0x1AA0307345cce66a4bCe89e50E73198fb1AE8C17
,0x83af73323a2A2EfFa9c6de04822b0310c2f20EbD
,0xdf4b49914554Aa47861225558FBb98f871D84a6a
,0xA8e484BE9069fF38bBAbEa215AF69E63AD549a85
,0xF1Fe7fd88E3b2a84a9f48C0cDE8c16a922B4c30b
,0x2640E9980c966121bC7585D70818715b05064a48
,0x92EC15411D51aD71537aFB5f4fa381dd9873dE34
,0x2057D6Fd6A850E1759c8cF076Be8CB2ff3b71E00
,0x75431Ca56DF62F8E9fd45f57c8EF76a41dF1b7F3
,0xBA53b1919f3f522c0EA3306C6853c44AD37427A1
,0x4Cf21f73766d3dAF48bb974B865DEb52892906c0
,0xe0CFeE5f87958353D8349622180B115413A2115D
,0x2BB1B333b7349Ec8d335b4BC34Bbe777a30a8725
,0x74d5391A89d8A0377514Db86164901674C081d67
,0x5b1183CB6781fEa578BB463F3c811a5de33393aF
,0x3D6dC88f94eA356D16Cab8A7787e3e1F87f76F9F
,0xc3405aFFe855aE93e74BeE76B0D7B07409cf276B
,0x73b5DCb334E7EB15bf2CF37A3754C8bD4FA8a0fb
,0x55d722F9F4628e55f371Bdd916d6897b785C4E27
,0x2AD3f4105095eE09e6e60a4699ffA26B1D579D38
,0x66dB8431Bf0Bd21bb061FB9870F0D5EdC6F49C45
,0x5c19129E9E504c6638aA0a39b2e572265BE1B651
,0x6Eb48841baE8BA35cF2810a49D9bCb5ADa443189
,0x132947Bc4A1694c2DE7edDe3D6DB9Bb364bFBBBD
,0xa0E81Bc7045CdE4C4Cf3BD06dA1C1a61f470116E
,0x02a69465d4fe2c874bC45093A3B43e93fC614514
,0x8db9Dd8318Cc45E09f0B68F99224dB8bD6dc34D5
,0xA425f1908cc55977eb1c5D7F6Aad7181AeBd5b5A
,0x46BD4DE3Db205D38405cAE1C3c8D02e8583827ee
,0x9c891105f8eC2e81779Fa804533D13Fc9091cBca
,0x38408548B43c93e2e0CEd5C82b0a268F972233f9
,0x9BAcBB2dD0506f259D080e6578AD045DD58B36E7
,0x46dF5dB390cb64Bd71FD15f2fBd40b8a7962Eb29
,0x6659FBea65Bd11717AAC2a71283e85053931F245
,0xbd9c1e241702ecf7Ffb96aaBAE8a7071561B414B
,0x8BC516E45Bd6af9Be38AA16445D7e39325cF6BfE
,0x1Dfa595006d4361806601dB810ca02f233956733
,0xD9441851c68C0c30bcf8E29762F40B283430175e
,0x762058a11171bbAA8beb855ab6756e2496652Df7
,0x8B9dF2b1e3051e647F040E21Faa5C6eb0cfE9138
,0xBf91cB0E972E4e2D2F86f906B7b218Eae1037933
,0x6C16F94F685c1df0179D7A8C7fefB0eC0c5b8A8C
,0x8eBE5d61d0ABC5D0F8610828a87f020FAA1e6828
,0x589cE2993b5421Ad2061e4b1fd61A3E5167581b7
,0x762AD3DD7D502dF43BD1e961507f069700D7B52a
,0xA2cbE84DC5C0BC7249D79BE07B225CC42d710167
,0xc3EB3088b6D4439EB645F40F4Df4fA9c2E93067C
,0x890586Be408a9044AEA41b0c07E013AEB6aBd084
,0x42f196780e8c2C5c878eDBCEE7973e5B7724BFb9
,0x16d19f1852cB719d1594373492F16aFDaF7158FA
,0xdba01fD841Cdec59dA451A84A1211FD0E1Eb56D7
,0x2F618f12452608DC987dBF3325955Ddb086F21f3
,0x8fE50FAB6665D69201632856bB16DE3dc7aC5EC9
,0x0c64Bc3d7A9E3132d44E8F62e58acee0Af527076
,0xa7A40B3265F20C7BA9d0257dE0cf4134493eBA14
,0x9AA66cCff47eeAFd3b1e07475b1fabebBEb403fa
,0xf53Af7CEbe906C8a3c678f6aaF52C1c9aA2e85EC
,0x8576D3545ECeD0c521F149F04757337AEece8f4C
,0x9c46c4C1C9DbBE2594B048864257C79111e86473
,0x073B258E95690086e428286b882adCdb246C5074
,0xAF2803D73516eE106B2F4bDE94191c8eF4f4d304
,0xB43771CFD90247446F40cEa926BDDF5b73Ae8d8F
,0xc396F004316BE0E0887dc4010967400E21D97AD6
,0xa0351244dFd06C0A90145800eDb518E7Ff34c5A8
,0x388aC3EEe86e94a070d7a1A0cD6F9C8D65457D75
,0x2F1D635e57F0CD3cd7BDe257FBf090AAfcb138E7
,0xe8E5BbA36B4A531e89C2af74bb5e28D9A36bfB1e
,0x139854E8379D14FA615A2011c44a7061B1b2f6d9
,0xdC552E46baf20016370159518E229080643B6bf0
,0x8A1cC68d0f37eA3c138cbcE659aA64D11D20dAd9
,0x372bEb0b1C7805BC373FEF587F909f78914A2b23
,0x6B405A35b1c70b420D7ee44efcB900890801A1ea
,0x2f3de6a6c521B935c62E007e54c9FF27575228d6
,0x06794538244F6e0a191067211f8984027Ac0818f
,0xBA74e9eEB042a202BA4317c8E3572ca081307190
,0xB35dA7155FCb84faCfF89907D537bB7D37f0b30C
,0xB929120E14aC433252018f9C5713270C959Bf1a6
,0xB2d7eb850372f41b03039EED5bFA85aCA07D5824
,0x081a0133C673FB6134F92F2d373DEdD573d2d0A0
,0x8cbA0ccdCDF37E8a8Bbca34b9D0B1aafbDc8b3eb
,0xD37D2387B75b6AaF2b8A164DC0375333c8e29051
,0xa64c9e9691a3785698168a336f4fAf9417437416
,0xe2f8C92446Af9cee99D412f6b5001673eCB20Fc7
,0xC5fd04d25f357F41aE13af3BB423e40B67d91183
,0xAAB89406142eD968F1DA4e4323eF88A4EeDc7a71
,0xA74679aE47752c3F10C8DD6edb51eE58557609D5
,0x09b2c362eAf0AC42aEB65e5546Bc656A4c56baDb
,0xa2ACED9D8949bfbe9b7062E535408309ADC9B8ed
,0xBF9E85495F0B70e2aD893cBda6aAC3240beb09a9
,0x45345B41dF525E117699CcA6E99FCAA8D5B283C2
,0x24b392901296945dd6Bdd401B97f9E32ED7040aB
,0x27b38224b536533Ba30cA48879E7ba21FD82B6F9
,0x54c8320C9fddc611e553657e5c024BcAaF84D7EF
,0x308CB8E70993243dDcf492894Ea42D30EBa42403
,0xd25a15AF3147B2AC6c1CBAaEf19D57EED60AB1FF
,0xD925e5cba23E3de3ebe0Fc24De00Ce5DdFD86C90
,0xe4F916d02cDA7a6F462418e5240aB85dEdaf72AF
,0x7982aC7134316Ff822e642E038344Ae95092b7c5
,0x4E5E9807eecD84EB9D9f55911368248DAA61bCe9
,0x07cC1755d3179C81CeAFE852997f151D9dFd47C3
,0x239fe0d7E1DA368cD89Df65Fdfd3f7dACBf24D69
,0x3943DD3679849aFb157fF60c2B9924848ac3D49B
,0xe6e4e6F612f3F1ec28412469D4d068c1834F7dF2
,0x248D94f40b1ab691857C65390d3f611723f1D28b
,0x6803c626d878559a213797BF8aef488759dC9af8
,0xdBAdd531cCfdaBCB7E09F954264f90E48B078370
,0x4459C97f482D90587785dF43AE7F8382881dAdDb
,0x8d6bBA79fe31567Fa5D93f578847bed883A93F6a
,0x5A6452a9e838ed59Df23A13BaCde3A734B3e3568
,0x25a656Aa5AE04F4C8e0F1F1eDe62aC28FC8d23F7
,0x6437Ca4E82FA2365a9172C930eEf3B62ECc69373
,0x7975831360E30b227E6824754238c18b8B03298F
,0x3b48addA4276d5FB817e641ee81b0cEf7C763c0E
,0xc08D5F4eDA42594bE84eB29Bc0c589E1Ad370Ef5
,0xEd633d774384534b8b05d2CC33b4558cdD543013
,0x2E3d5250398fe3D1449E14f9c17a8c8525a9C2AE
,0xB457338836657EC5f48E65780eA90460160A017D
,0x3579f466bb2244C2341fc61Aa5fB9aCBB2BA8cA3
,0xf002A334319813CD027997e01cCF36a58F1f78E6
,0x4B9472FCFFBb8598B9648E8E5C424179791d2309
,0xeBf3D6fB6bc10C70A86c056f8a8D4aCb411B8b46
,0xDF07F7032dbb511D8CF34F0afd2b3e5e8C9f5c85
,0xEa98E2924064D4C2f640B625103284777c16d9Eb
,0xeBdE2E385c017bf5B0744b06136ab35ACAd5e115
,0xb23aB3072ff6defCe87a675F662117068D1F0d43
,0x297fC8F88dfa3dFe05054F73Cbc35B5B7E72313C
,0x61Ee102012C37CE11d057Ea0046C922F332A1d78
,0x8c2EC7a39eb122DFc8EbC607649A59C4C03fFd11
,0xfCA98989B4A8A7A858f50D78fb81ebC1Fe0D9e6F
,0x77766b0B62FEA44C252aeA1E612F9631e3244f32
,0x574Ca74F940844C8644E65fAb5B3BEb4C0B95c64
,0x3971373c99dA7B4B053e6D550BE75C54E668f756
,0x4048f59371101c0Da5CE7D51E804FBe2DF8eCCD2
,0x0ed6e2D2723fb91D8D50b3d0Bf879B98fF5F56F8
,0x659D3408e287CaA1E0A588Cfc9096B703090046B
,0x997943072d9f60fd1c2bAe6B82ED13AE71B12D48
,0xab3539B02ce6F4127C21A06cEbEC66d07a602399
,0x3055deEe48108E56C851BceF8d57D1feF6E55Ff5
,0x988f866Cf7FBA803Bb907e772e5D27EA3711a31f
,0xB33FC6F00A66af073D85383D5FE74B923129aD7C
,0x83C0Ec3B4f52284f176f644B8c420471f957828d
,0x2ADDAaF48D105316DC085626d3C07b6665914E00
,0xFdf53D120e009441E2941eA9e1Ad71D45A162a65
,0x1c9243EE4fCb2c1fE2A105a8f8A93354D981394b
,0x00fB75CE623DdA8C9CB2b46dE207b22cc76e584c
,0x8C5d26183515D14846E142E215f038dFC8100e6b
,0x2a50ecD42a95e526c71528CF481D8879371CD0D4
,0xF95D23508770bF36133f7A440c9C9bA11d7EE7D3
,0x3FF290C2cD310BD0f652351d813EEeCee2F811b2
,0xD2aDBc41c59E291925a5bf8c6E3bD95AaaEb1C67
,0x7d1a9F16516cCf6a6CBeC86F90aF466dAF147070
,0xF605f70C174E27Cf94c21a20Bb13d9012Cb652C0
,0x6718Af78d2957Fa57F7B1eb8D50e9DB217D96cab
,0x36E777b746B009Ae589B85F909dD88Ba537d2756
,0xc057c589286C97D8180919d7893d83fe90DfBDbc
,0x202a2cb403466c48482F94f4531a40102657803C
,0xddF604495AB1D2110dbeDbE2C044885a15CeA0d8
,0x352442eBaDA7823049e183EC6D3971104fA264A8
,0xc3F7b9951Bac27cED94A471eC1CE74563Cc648aF
,0x911aF5C6eeb37771afCaD3B16A158C60a3222969
,0x0B95dBfFfAf09351A334737B5Cd1762A89df79A3
,0x96ec6a458A899E4E93aD3e98487851ecB93B39b0
,0xFC003bFC40CD9614e53e57E032ba76c29219FD68
,0x56912f5C88b8557602bFf3437fA200CE22900B03
,0x610c7DfA470F3F007712D4622049e17CEf89F5B6
,0x48dDd4d66DAE9c55AD908fdcF4798C61694eC600
,0x6c0D7a81bAb4e2fBaE207811d3962f7D01B98599
,0x92140A03D9A37BFDC765a1a5E3E068F9a373eb32
,0x8aE3435011F316b52968ad6c6B8Eedfe4C4b9Ee1
,0x64307F01a17Ea79219440b90CD26002b6c0848B8
,0xb74a1664357a23597EfF5ad85d4bcd0212a28687
,0xb7d265210B8C694Ae46E2108b9c5576fE838ac78
,0xA26AB67C585bCb2C8429C98C7f3dBAA329a51d14
,0xb30643c4B2bdeC6673B2A3A66B3535820093c09F
,0x7CC62e0C4b231D68B98b1F55E15d01F3eCC40e66
,0x8888b8de99B9C9cE3d6752A75397fB406a8b73C9
,0xF649b8d1ea56aa146b4c2768A3c831A2Ac383715
,0x530aA52294102c0C27b30cE9A9dF219A254bAfd2
,0x9AD2FF3d5C863804D5c8EA35C7ddd3C64EDa860e
,0x423936243a2fD827916826b46df7B30f61EbDe66
,0xF27Babeb26c7B33259Ae3F3e14B32Cd7d1431F92
,0xab55127610A6F537728Be08fC535c8A736E276C1
,0xF8ce70BA33d7FBAe0a464f31B6cE612063E34072
,0x1cEe9C27AADDF0f7905E088a13154ab01dc6a69D
,0x569dD7cB7cBE1A2F7FAA72a96ABA35B91d7df104
,0x19d1f4D11c24C0E8E62dEFa69E4bc18F19362dcB
,0xEA41Cab7e47563E98c59D1325460b8Ec8A4B0b55
,0x07466cD4e8B87F117B8CDDE43cde81c7a5195459
,0x48e7b6e26D889b8824D49e96Ee91f6482551edE5
,0x76b5376DFDFcDf2EdD4cA97f1AA9378ecEcF85A8
,0xa41cffe8432A35fAf7ac1803C4Fdcd1e991fa46E
,0x0075cC61045106d42C2AD928F936Bb323A1745bB
,0xd89d962B8129BF5A0F4ED58586D066EBA54b5973
,0x1aCa1b7232cdf6b5823FE08432b12148B183A2eB
,0x873434df8DE067094DFF1fE4368020EeAd680D91
,0xBdA79fD7404057dc3974fD78DA4C2CA9613e0f25
,0xf46F718D628dB1A023E6cADD7EEC8bE43a0Cb76F
,0x13a317af1A820bEeb4aCf1b4FE7fBaE8c320F3B4
,0xab9bB5dFedB1d9Fe51ffeC73d57bF6631f08B23E
,0x52D283a414041bc8845269f86fB4d07264eDFffd
,0x93Ebe109b37A50c23985BEff3994b1F24e647E90
,0x8F346D9A78aF7a2614C42F563Cf67F621764611f
,0x3eCC68A89Df08cA6d9caBAb81D140e46b3837548
,0x55d17cCEc5502F07b67475F960465CD14Ecec176
,0x1a82eC4e69e795eC69e19e253d21118498bd89F9
,0x99FB14eE2510772664F71f738fab3a18ed29df5A
,0x9B83149E07F9928f6Fad9D0EcbC846779959e729
,0xAc8C7b53258F95faf422Eb7b1e0fEE7CF7463fCF
,0xC03396645dE4dfecfFe9EB9a287C849cBD51DF8d
,0x93DBae5f34C68383b60EfA3d4F7cE41b7624da2B
,0x2f0cF655069BEF54cFF9437866405b04E8605b1D
,0x4DCFaA6A1211896e3d680978c79D167Bd7aD3cAB
,0xed85988E7DB4cc6CDcf7F8AA757A7728f3bA7624
,0x84e1F6Ee2f8623EaE6BCE44db86D5DD8601BfB88
,0x71abaAC18Fb7421F039d60a4120bf218De05cF4E
,0x62914dD3884C019eF9309cd43445f63864f25410
,0xf5146E177B904f939bB7bFcAeAfBdf393caAd27D
,0xc1A85517E8B062367DdE229938Ff3Fcc05290BBA
,0x68317F63DBfB76Ba70d5d91079970981dD97e7d3
,0xD2399EE56B521e10dF24C7375CebcDD858d431E8
,0x0e6B7144962b7C72D55DcfC0cc59d3b609a07A09
,0x7913C91392F02f3fAbFfA2c93F3304ef10B131F2
,0xF6728986c506236680D93Fcdf5DB35Bbc8c27551
,0x004c7642F93f15644d884Bed5B5766f5b383c4a4
,0xAEA666dee4f0922f83dC7AB6C94362ac637E068c
,0x73E47FE4Da573e0Bf07a9bF8A0264B023A4212C2
,0x96f6E57b2E5644dCDfdEF4B1884c996B82FEF6Cd
,0x09d57F4a469c9459b606D47b0bDE2b0D18fd4331
,0xE6Eb018c7A6c3f29fD607EE7333b2F4F4a9B1acA
,0x21069ba7Dc776055Eb2faFA88ed566723aE59713
,0x6B7e327a2e15e5B68A7Db24927101d1917F851f8
,0x1f55847fb39741F832D19592ae96e3fD23339131
,0xB57827ce1074F781dE217e50A98d750A0F25F128
,0x3a7e3F98AF0aeA00815B0b6e06295511985E1B06
,0xFab5Df5c693b4ecd5515B509E05C5b56ff16E041
,0x1127D04CEf23067197687DE0b1B76e10760EEC72
,0xAD42d3E7aAbe94bDb6a1183D31B91Ec52ba8649F
,0x180CDbd0212178d24BE260D39137bb3898c8d48f
,0x6DD0AAd79D7Bef8A5cB40f7B3F35b7D5dE4fCcA6
,0x38EF335607A7bf0080289b5768D25800d0D77671
,0xF8f642cE42D3274B137D2F7905503Ba065bA8442
,0x90E935d5D4D19347E284295af6688c527fECaf3e
,0xd24cBdf40Ed1E46dc9F28c0F06c06Fa1B7298562
,0xC7E7067E7172f8d8a7Df8B42F994F88D0e7de278
,0x748eC8732a52F1e2e3347a4c59e72Cc0e49633c6
,0x789C8dD6a23233AF06932971384e74dBebc4AEB7
,0x566D820f651D4876523A4AA9F06eabD11549dF37
,0x106272627F4156Bb2b86e17E22d96cACa95a088F
,0xd5B3644ad0a35181914f6C1D6D09144c0D50125e
,0x1E67675827464fBE7c98dd7aa2a1f32ce861d09E
,0xc5B558e413DC7Ba2A2E4eFBA9f8Cfd4E6792e12C
,0x69746f1eF83FcF3405947c192CBf26a400798016
,0xE4A81502ac6f90A8F9821043ae1CD8aCd252a913
,0x3Ae62aDE9fe03d1073153AC5f174868aC06c99a8
,0xe42B7e5EE58768BD26A6332F1cc53e116EfAE88F
,0x7C55F23F188aD1952166166F0dde996c1d9EB30b
,0xD832a99Be4189D96D9dc5d8d53A94fC9E90ea234
,0x0ced2a4F1aFC33F49280B3D60B7217ec9cf505De
,0x6925Db4cD4Db8cf4AB41A83e19d106155eC10aE5
,0x2E9FcE75b7eB5399dd1d8c6a26974754158076e8
,0x8d9191bb357662F818433aCe74B97E32B18FEF28
,0x94E652Ab405aAfa006dF7dDE7aE9e999bB3fB8e1
,0x42eC9D6187cd26a6FF2e0799b516B85e1fec4527
,0x7488A7459420530e2fF8CAD68f8985511194846b
,0x71f4879DD389a130443AB63E3Ca3eFd2B271E33C
,0x14707409651D29e003200745Dd6455a4390e91D7
,0xcfAD17BCBDB4178830a82D058BD4d52E41f8343E
,0x0E1c3606b6029651f1e760CDD46C68aE11300abb
,0xac33E5500B26165769A36FAC0063dD2F7772B3c7
,0xf6991c9FAF963116166F09A640df62148BcaDD1E
,0x582f2dF890E68B8e8E3cCa7CbAC77a4b1620b969
,0x31CAD75781B31067bF9C4c127bA37720E008d374
,0xf51D14A1E9F208dD0806466F30e792CA5056f6De
,0x3CC590491c0d72c048EafC63e0174BF4f7798996
,0x977FC4EAf5154AD9D7D2B97946f246729d1D6852
,0x4024B606b56d73B25ffF23259cD1c0E9f30A9Dc1
,0x93f729B10A4f629E843f953796BaE6D491B1b84a
,0xc159A77531C1C25276755c4ee5bF4Adb13fC029a
,0xC135AEeAD8676620f1792015cce8B35AFBAAd838
,0xe3455ea4CB47F8724e7008B3983e5D9CEb4BA1e6
,0x0DBfF6aBE9bb435E89E0d7145423da3d9Ce20c67
,0xb38401179c806451B8Acd2E814a2d19738670B6f
,0x35E34588dd9A3B8f714c938F185C4C2a5f78413d
,0x5A460b38b48a75545f522B87Eaf2FC2182555aE0
,0x22Bc825A70B2fE1256b4f589e6538c55AE4b0C36
,0x06fd72BB4C40a4A8d099e9d1FF52C7380E77350F
,0xa95b448559cB60a1A03C4e82009C7DbF0c342F00
,0x35fd76C60e9DcDB9a1D7098097A0080Fa8d99c2d
,0xBd34c85813FE5325c0cADbD8327C2a38e9b45A7B
,0xaf6b8263fE1C99873a0A673d34840842991a9f08
,0xb2b4F8C5F9D96500f8C0A852eDDDE533E615ba62
,0x216Fa9114A2e279BF42e4b5fd9ED07Dc4DbF38a6
,0x87Ad46c43DD3197f88B11D695C4b8f9b831FE813
,0x7e7889cA7b57c17c20f0160D7e2C6e8dE052a62E
,0x9fDbD8Ab042F405A19bbc54a15165A46d4914B16
,0xbcAD4d4E7C983d0B77Cd4968F60C00C52BbBF943
,0xF2a6647423f739fd841C494AabFe4d1E3816bCBA
,0x2AC99955df923993625C6aAD14AF38850cD004F4
,0x4e353e1ACc045984582de885AEC0302487622f2a
,0x1D6CaC49267844395f0c23Cf483e6A61dec07eDe
,0xBBAEA85aa0c97ac5f21aFC7C4A16B56BF3f1d95F
,0xC4E6e7B0D5bE6026BC3A8408cCC5dE9865E7C84F
,0x83490469775Ec03db312A210900F7EBF237E1C6b
,0x0617B803b442cBCac92f55B583192cF4698F038E
,0x4C73339d2d6B43e1e2F44047A46910bC56dEC6F5
,0x7D360677a428854F8718c8Ad98694fC4E57214DF
,0xA63E3ea1229270038aAFa4Ab0aff071273d58589
,0xeD6f8fE220932a526111F6e4AF555688b7E52f8d
,0x842550AB8cE024AaD8382B6d24211581ABc83A25
,0xa02A271d0614304293aDee121FE5efB1358b56c2
,0x504c03a9ca15d2f280C06b4e0360ff78dE370Bac
,0x9A0A7366818308Ca8b55b9c74CdfA7Fe41dF5e3e
,0x3fBd594Ec8dA32c7fBA32ebAA05214a623a7393e
,0x979A0A19617C82cFD31fC94C8345Eae70C118895
,0x03bE47B7c0FdDe5a1599561EADc814D8a483de5d
,0x941C680923B148296E1618F54C55573006d0eac6
,0x727B94e454E8eBB165EF5FB8De1eF9550653a4eA
,0xf87A3DffFd60620ABDCDBfd7dE4CB1DaF2E72c26
,0xA5ba8f5BbF0C9D4D7D6Ce37cC1317a035D7E2deB
,0x8bEe4D2D87fc078c3f5E7afbE85aC20C201d6523
,0x007352a9c4085645EbF9AaE0a1A3Aa4a8186837a
,0x25Df23019A35BD557d460B9491C1a61E31314086
,0x8583E23824344F12D33652Ab1b2c09fA8064DbC0
,0x208C5dCc2a1E2DE8a5886538C81d32738DF2A81d
,0x7E07bc974B21dc5c15eD656ADAe76f7E667e585c
,0x4b08e78b8E81E9c1EE1b25d5d7faE6cE08e36f73
,0x021442AeAFb07DA82e30Dd28c9e820f76D2828D3
,0xa1700e273f1a683fa3B315fc95E70b1DBBDD8Dfe
,0xD724dFd96dD0cE38Bce8b195c74899d6c65A9cFB
,0xC866BA8fD78a7B7bdd74Da6fE9C0bEee515998d3
,0xBEFb2f5309d728385FC19F236F86BE9920bAe671
,0x8C03Fb58A1991e2bb5b9Ded42dAC3154C514f319
,0xAF1d791C5a7740766cFF497C16426764975A8977
,0xdf321eCD1539d3729FFaAD97AF766A4B0721D76e
,0x88a34ED827ED0eDf204bA88B8814a968928970D3
,0x43C8659e8019425F00b9eEc622B845d46dCe27a9
,0xf8D1080A936e8cb15f9587f8CBf2eB9625470B45
,0x00fBbB583463237F56e7731cA3E90b1a5581E8bf
,0x04C59a9bB9B813E55248ce1AeBb5D4F70A8F2B86
,0x8Db9963A7830fdb2d5Ad6d41da7e1350C93E01d5
,0x51060BC6d913a00C0A37816576d4Aa2F9db460f9
,0xD01F7B8d80Ba5cB82c8F89a9cAF62d980159b53B
,0xE920cB7bCe666E592d87e2361D27D81056242E85
,0xA46f710a5dbf1977974C6d100C7c3DF08C9e9b02
,0x2c6a58F89434691024EE2753Acc64aAA80176889
,0x68adAf3877Bf43d4D7dC47dd5325832158878155
,0x6C7391758D647f79540d93B92E4b6E63F789fE34
,0x6d77F47d40Db3CF2b473d29dD12366902ABC0C99
,0x195b04198B1FE7C0f3F4eeAAFbAF650099cb49a8
,0x4E25005D4c674a5Ca80e8ba9BA0F2AB109Ca11E5
,0x4c55a7baFDE37b5a42628e518AAa872613102c2A
,0x2746CebF618DeB71E9b2BfEC01CEBfB90988C2e4
,0x201c0852f4F8aadf54ea9Efa601E4F34D6259ee3
,0x027ce6D99b53b4a2400bb2bB33ed67D9B8a50768
,0x0be7139fbF3B725079af9492c10032484E511b78
,0xB1E7a7Cffbd9c296BdD161eCB808FeD2Aee48dB4
,0xBA9b2a0059dc547cA0ADb70aAE48A4F081b81A44
,0x2070465e34e5723cA03243d7C27B87B5d0AF21Bd
,0x00081B9Aeb63590bcBD9A8c7B87cF7a55D7aBF97
,0x498519D93860A03B5F474107Da48FAb8416d83dE
,0x79BF4ec1Cf3670b1c76851A0Db953eeb627BC07d
,0xB33F8d7Ed744d2042f7387B33C5f9919b915022F
,0xF03788D12303FE34584687ae40b1088454202fDc
,0x2E66D2d5B35DB4Dc91cf32dE89Dde25cc514A17c
,0x96DA3cEF7BB81a3BE7F0F5b451c7d1D76134fb10
,0xc34027bA4ABD16450Ba49810a832C940F8839D5d
,0x40a9704f5a306d8322f5AA7e9b08C25e6B2C2253
,0x218191a1E7aA68BE8b8DA349C7d8Cd941E405e5a
,0x5cb5A39C89E8f6623Fc7EFeA5a4100f1Ef6f1f85
,0xd3140d6353D51587CD27783Cf1D2D1E154e80c4C
,0xF75eE8D340D18bc47f55E8Be63f65CaaF338e7Bb
,0x34A123830D5B9edd2EbccE25215124AC8f9A63FF
,0x40750daf8200382f07c8CA35AFD5B83443c9eCDc
,0xd597a879a2AAE2cb5645DD2cfd037f427B588c97
,0xe6eCD59Cf1F1099D174234300645D1868535a652
,0x5954460Bd930BD106EDF758487CCF86b04DCa8BB
,0xeeE9265663acd5a3dAE8Ec36c784a54801D88699
,0xd3b44523A1A67083035E0C6FCF1d91BD5Bd809cF
,0xc4Fefe72D1edF7014e777F68E5a1AF2Ad7BeE154
,0xE8E229b88426Bff4F4791A9E23eba21966c2977C
,0x3b3c4f53B25C937ad4793A12313c60Fdf8e3a857
,0xdF12EcDc19F0EE9BdCa853d623F7e5204fA81964
,0xC9364D6e29aFb0D0bA40d2d81177C8c1a4CD0953
,0x8cFb01041854274e986b7f397FF260926fE3F990
,0xa3474359E4347D33E176174a82e3C12253eA30B6
,0x69f0E1185Af7eA1D80B5197597a8d72C835FaD0D
,0x6fAaD28bd51d36CacB0b71957f3e7B84f1e41CF8
,0x19178FE5C750051508dDB442dD4075AbC7A5847D
,0x8E0fD220D3a1DE024cC6AA5De1C68Eec8FfEfBb4
,0x678cC11F1396Ce45674c74c209b9D724be942629
,0x46D37D548163d3Be3c9E21DB54EC99d87a33429e
,0x7D02AcC87D7d0974Cf238cc0c81AC2Ce7E586141
,0x331107758e6C6AbC0DDd73BA497dd2cC2872AaE2
,0x35FAf509E4eA1a0377D3b767C55A5E5858c012Ca
,0xFb5e49CB7b7C3499e18247054701EaF298f6B094
,0x42cdfAE86A7a225212D647641a6Df81fCC8Bd8A4
,0xC20bED5b32E8CE4F9E2D464b1B6eF80886f90072
,0x3E46A6d3cB7e1cf310e525f56f52772fA01AE925
,0x9dE87bFc71b108E42129a810eCD8dF755a262083
,0xd63E5A8061c046b5dFab716585B2e7de92B8aCb8
,0x5dee21d5904E658762e9f9fC7991bA61261Ed957
,0xdf2E3fC9c09b36D0e3c09C4865601600Ce93f1D7
,0x606B79c5D0E7986bA9a21a0141759fE1f6D451ad
,0x636a7686624A0f5A532Bd05Bf41Ea13B8AB373B6
,0x5CE92199C69E5104cD310Dea69348810ABCE97D8
,0x36b63A389759B35cA5965Fc1492D9E49F11246d3
,0x5dD0c1854998bB4b524C4803Be818840F159883F
,0x4E47c5fBB399Bc875F7085D7ab364eFC4c7b7Fbc
,0x34C33b70cD7080C3a195DB6354a8e7538271bfEF
,0x7Ab9025cEC58fE110F856BF48eFBa8463365Ec7A
,0x30f001C565d94CDc23EcF23509767199bb57d093
,0xcfB69877a4815D232CE8626F2c1df94A73a8004a
,0x174d940eCa860212600A4075B2d3360f54D1B8E8
,0x67d8509626Fc7235a3BB91105A71f424e6C67cb2
,0x782aE8D2a71F45a58fD59bDd7aEe3BAe96648da4
,0x3A158AeFf2F6D7Ce86b39cfA744b41951A0eAB01
,0xEC8b471b4403857B1101cd44D97Ef2e4fcd4Da2e
,0x7785D9ef9647009Df4fAF25c5d021ac00FE51a4a
,0x1c71B22c10C6A93fbfF3dB237d7026A5963d6220
,0xD7eFc887F56f2A424dBc0f85A82c39197DCc8dA3
,0x9Ba8F5Dfb8Fd4705Ae8e1b18141CD59ced9eDdC6
,0x67c26A4A88bDb7331c8be2c243564791452Ae304
,0xe30891AeFe783E3109CeBf8B8308060095815764
,0xdbd9B48fafbaFb02614d0ca10400a70790F90db3
,0x0A0bfd76f9bC6e4700F5bD1e6e1DEE956574427D
,0x7Eed641074Df32db8D32BeF48643325246CD9A53
,0x600AF94edCEe22106993a4700BE6320c40E6Bfc0
,0x040758E95B148AD8280c9feEd12d35B2cFeE70Ba
,0x471Dcd235957270969F08df0fAc4ddFA3C0E3233
,0x5eA20A5C9b831833950cB690Cf79702c5C6087c3
,0xdf866303411C92256a3417881F1d673182A05B18
,0xA3Ed7083EB008f7E70fD5e4Df83E2443965ac541
,0x8778810a08C5B98D651de624eD368C72c9364efD
,0x8dfb800A495040793Af2Ded9f42186F78A4FCaf8
,0x809D964DEE52b917D702Bc16457717662AF52193
,0x414BFC1e68D04C0be567d4A1b8F8E19dd6AE0b75
,0x11223932577deAd72F11AC31c534D064BfB81973
,0xD8baf255BD5534bf9B1896a5ffb6Ac551f1d16e5
,0x54d3aab06F24b40Bb4c97B6E104DfE73B234bf67
,0x3B8002D06Ac6C8F844001B17Bddb8222C2fA69eB
,0x4f3f8c8D52B37750b6bf87d885cBeEf194ad0E7f
,0x65B7Df3A35683bb36b0C38E36f338AaEcF149b2D
,0xfFd88fdFa8a9f7D80E9513FceD81Fb1B35E8De04
,0x264209b25AF6c99EE06E74d0B9597f4b93173496
,0x6D88378bC46092a5A3aFE1c11B8a4b7952A04d22
,0xE8dbDC581485981eE61B5434cD68Ea2908F913be
,0x91997618Aa18885C3738c07DE25C8AEb8B38F570
,0x63865c1F5cc7115C50F5b2fD09cbBbA2C4c09689
,0x3DF060F5227f24e0A3f735C1bD66FAC57888cCd0
,0xE462C3896381fDc5D7091A36C3966D5F775dfFC1
,0x62365E99f6978a2656E2373e8F8F72CDC50833B0
,0xc97Ce5019F53B9F494dD10Fe1De29d7BC5f93f33
,0xc976eDB33FAd6a67C5dE0DBd41085eC5Fe8C1C60
,0xc2a97De2480c309B52958538ECA858Af5F0c376A
,0x6DbecA87eCE3B17AcC0415B49fe4bed5D0A0ff60
,0x8b8e7352001ED1b26D1776e1fe3B234B026372cB
,0x08fc457e1CCD40889Abaf14f5CE09E5B23701328
,0x0676Ebfdb3BAD95Fae71886aE65af0363260C6da
,0x7525B9157E147C24Db63A54283892f011aFc939C
,0x85306b58a13a2F35E7f589cc4C692A9f6640F6Da
,0xbBcEBD0c84F01E8c970438FC67C3E053ec33a556
,0x2Bb301B1a08CD3c28Fd330CD1eA9f90516bb8a5a
,0x7A07Aa7Aa324379936F425e2eeD7B3E13b21BA34
,0xdE4A4121681bA4C093165E49A164639013A1AeDf
,0x6D7699f408927958dB9194fBC7A7EEe939D2A223
,0xab4f01e48D3304516BA6b925132D8695EA4fa657
,0x974C124e9E6C5cbB0DA1E8e0d5874e6A91286D7A
,0x5E9Af7B6C939E2d5E06F3e4eC943146BB85880BD
,0x68DB9E9493148c43feBCcd394Cf46D473DA3BbA7
,0x8EAC408F2ce14B709f9CA69dd76aAFbb441dB7ce
,0x6cd90B06DA5fBE643E07f9569AF8d9e6544c06BC
,0x43FE3D8484af8d9d10a9E19Fd5bEF4A5125204F1
,0x70e90dE7f78dDaA384828c6bdCD0ABa175839945
,0x8f85351074b71fB61F8B291e8825dA7182ef668A
,0x93e7Fb5fAC709aC16Ac66B9edf44e5d1B59e5527
,0xdCbe40a1aeE8Db83DF4b851653071a2b9e21FF54
,0xadF231F8CA4c659047B579A5DB81fCFD616a64f4
,0x65BAd6835b4d7098Ef2d004a89C702a9996F86a3
,0x759477bc01Ccf99dC963606520B35ebC40Cf03Da
,0x50F20f86AE535098FCe9e53A0FADdf29358f6670
,0x6c0e98A0044764622D507d0aa43293A17F9f9473
,0x2E87E5272c111DCB285D94526cb874C8c1060c95
,0x7e7b5c6941BCe18b5717266CCCDD9f0A0a0F25dB
,0x3a1E2cFa4E14cbCBB70283d4C6fc703546743188
,0xEF5DA771DbD422052aa77B06D4cBf12dcDE741de
,0x4100ED7Abdd734Bcc0A70457c3964554ea9d8FCe
,0x23dD745D161127c28F4e83175C52E07897D2B2b8
,0x819536F9f86F5AE353954D143Ae93C536c473e20
,0x7F1519146b830eb044e1acF764Ecb0E7ec66fdc8
,0x7B1C4e0784d11D8C78Eb11Fd3e3BBf001020291F
,0xa8748E92Cb6C59cC0E4a09174AC836dA028DDE45
,0x7FCCf6F556612b0F1505C4660351aAe086d999DA
,0xFfDFAa54f01560c80d223708edd9778Cf4799266
,0xC2e699c3B98F6276b8504d059f77b1B6d889e4FB
,0x095c6217114F443e8098BaBA6e6D3F0Da630Ae00
,0x21B1edf62Aa8F31Ff1D5f21cde3521635C04D55e
,0xA5A1620280d09EdDFC9B03ae487DD1f9bCBEBbca
,0xE1cBA6Abbf88f4239F89DCae23290A37Df30cEA9
,0xb13EAf0E3BDdCDa7d7F1002B8adAffce3aE7E616
,0x877983180C00cA102Ee0DB90E4c21f7043467B55
,0xa7a546031554ff459283a4704588149224F5D0Ec
,0x1934f82992bDB9fDeCA748F74D9d4fa7a6612603
,0x6578c6Eae6AEe098C6798295259963803d54a7E8
,0xDe60475E9cC58570530be20333da3BBDD03147A4
,0x097a3b0014945504947d54f342C30c345f717d77
,0xc74C0eE6634DCaF45d12440C441dB98ecde40a81
,0x895CD9C58814c4131C743bae91d3E2E8b22524F1
,0x95EAEFfd4236353AD3E7190A8c5EfCA93Dc1272b
,0x5807491326e8C6D62015456dAb4B6eED21398E81
,0xd20d8F614bE8f84B75393aE8bFbAEB76af32669E
,0x19Ab7c2e23fB8dDEDb72Edbe4e0852040F69fEF4
,0x41bFD8371AFAcaf7609971d402B4E4BBBb2D8343
,0x5Ed8790d1D9fEfE3DA7e9Cce74eeaDBD800f02CD
,0x74eDD4C9A1B4C13daEbd358864588C65548eb223
,0xb664ebDF29276a6547dE03351bee4f44Fc0018c4
,0x2bA0C1879f8c537BB5bEA32E2eB576e421d7a2b7
,0x2beFf2Fb90d57B478266302E01A41E80F47597cA
,0xf1EE805c76e6c0686e4a76496D1FD68DBAC64399
,0x789Ba1E4d3ff702c004542Bcbeb3Aa430D5F138E
,0xe8B514737D4B399c5ad6B7a08401A36Aa96ef7BF
,0x29BA3BD8CaF169AA9711C9C19926D3334f15e5bb
,0xC62D1594e879Ec4f809d9fa65fa84FC503d65D69
,0xB3663fe93b5FfE686aDB8E4B607A72c81A6e3E14
,0xb03CB49E0024c209FBaeCb947c72476E10098f2C
,0x4D73a857dea7639FF6E6C6674793296A9F1e937e
,0xEA8d62B746c5f28073703d5058A917564928f0AD
,0xae84BaF848A9E74ec4C40FA41Dbbd800698f3Ca3
,0x87248824E67EdDd2279Bdbb5ac328c0514712759
,0xBeDB898a08E9595381bAF31Aa55bfae4cBAD9cdd
,0x1c0Ca1563c412679f7A4ef986CF51cF4a757Bfe3
,0x5D1686b9fCd6a77621854E8fb3353F2dD73a12b0
,0x3003c0Ec382C3C76BCef488e0865027D5EF8fFCF
,0xB4B1D852FB300b97CCb037D2ED4ba8e51B3Ed478
,0x3b3d7fE99c761aE0E148815dc2435ef227bFC085
,0x50928B60Bd4A012D1F1f5c5cfa18A67718084D22
,0x9441D7F5DA75722811A8751d082892fC9098140c
,0xd9Ad55Cc59f08806856ca1870452CC22111F2C15
,0x3611be564A0a5306A3A41Bed34579330b0675838
,0x9072c14AD90ff67D204BE223325c7bfb62491D8a
,0x9C40c240eee18152b31Ff3850b41B9E4ffC39545
,0xd7508Dea8770926Be78C4838d3AEa12A5182ce9c
,0x45d88f4b6817174890aaA7DeaAD772CBA9C84106
,0x6e27B90DDD2272bF5A858CA4ea94df1BDfC12Dc2
,0x8791f2437f20D26829D560d55694E8bC13963f1E
,0x4BCF68bD2EF948409d552E3cc304Aa8c18a35893
,0x37cB5309edbC7E9A36F231488A5Ae3F771f98A30
,0x8f6101914E770F1c4C92B27180f45B458FF0Db63
,0x8Cf8ed3f2A4Cb5E17C870757e52c2946879684Ad
,0xb65695DDde909C7831DDB5DE129ece5e89091eeE
,0x84A8f6e9044982ceD7a93dCaaA004e66d02fCb88
,0xc034B6f29Ee1B54D79cCe141214085B7D9C4e590
,0x74DF37F4c184Bd169c426cC97351665A00b9208C
,0xf478290c7619E807614F0c3aC2B3Ec71fA9f9E99
,0x57Cc18e9c31f33DdB0744bC907E74Ef409954F60
,0x3D74ad8CF1BC0EE884B3b952eCaee4FCbD57065A
,0x48FC5f344C820beE62C873e821c2a89bcD2Cedb0
,0x87aD7cA92ccb7a87c1B4A4a5c35b02b2720abfA1
,0x94B9fEe5bCB7ef6ad7F418EFc265A925d75afc39
,0xcf4D07075D125b5DF030B2E0D04a918312845fAf
,0x65544C16C47856cB0E5bB4D17F6150F31D7D2C86
,0x5374D72E7fAA56C6005d8A6c7d18A730Ab6cd662
,0xA34c633f9B27382bf2F3133aB3CAD63d262Af8b2
,0xba3Ca25826170EF1Fd474832083AB873b9DC07B5
,0x2aB5aE79e65fc9648DAAccB6029196e47Df94eA8
,0x6b39F71ffF30FB22977Ae1022160cBBa6C061968
,0x1DBEB25ddfA9e9334F74f6e08C14521fA25d83F4
,0x45a0a44132A8A0aA35EC8be7ab17feF7F83F36B3
,0xC82d4ce009f06438D874F062c76e415d9912fD28
,0x5147BA6d32fFe35559277bc013B79bE8224525b1
,0x949372274dff6950fB668A120e5aBeb11848FFf5
,0xf164B691D4Afa35972EdF5D3d2aF9abB16bAF2dd
,0x5D8961637a4B3C2fFD8bDf9fB5696D5a696fb4ae
,0xd5e6934B38Aa92b96fe3e05a8DFF721a56Fd539A
,0xdf1aE5B5c1Cb12C06D412eEb33d0a751b65597fB
,0x9CA335693a833EEddE9e990b768a9Db87E6E9cEE
,0xf0340A88e72EE301A48dF6876cf20436Ebdaaf56
,0xF06aeCF01F1A40807045BAF2594Cbf376C090269
,0xCd08F4D71Ce7319644ABaC2410ADf2a1988681A4
,0xd9E5b54358eB40C12Eb99cb06Db694A552CEf2f0
,0x7286c8caE2558Cf7c983D0aC94eF3799185594A8
,0x03841069475d305b41A2666aa302c2a1Aa6D86dD
,0xcc0f730d10F989E23269FD673Ce2B2ED074E2669
,0x9f84C687A80FD2F4BFC794Cd74083b9a7ba54d5f
,0xFDbe36713d38DD1DF6983Ef666e31D1DeF3bEfBf
,0xC75D65576455EBc8214a095B67340F518Fffc58b
,0xeCB6D7D6F40D836354DEd39843B96D0703aa0fBe
,0xDCd44a4471ad8165A699c685229347cDB322D8BC
,0xcF8f5db525666EBA523d80660589a56E2c74052b
,0x21066Fd8d956a2CE1075acE2f19e63f94f88BeF1
,0x3771FB341b4b9eC06956F443275023dC9F8AF33f
,0x611d9F48222F096d205EA1afAe99D7F16bF1A56d
,0xFe5E346AB6f873F5c2CD9bA8Aa5cC447aDB739eA
,0xdE89adc30F7cfEdA86bBa269663194e5ff8c5aC9
,0x2dDA987960a649283030362185A58F249F2b92Ab
,0xC0C0e79009A30e990a8eA41834Fab520bce42d74
,0xaec11AfCe836F78c7133b49365D2B1230C379FBf
,0x93Cde4D744E506272c3D999A2C38C0Deb5d55125
,0xb89585e1bf9ec5e80E25E9DAE44d3E35B53a242a
,0x4d15Ce041236a725a2FC44D9e3925d8565eba7f1
,0x5D3B1e9862398B84C2518bBdA564408a96D2729B
,0xd4dE50431f266ccAC6Fc1762475EE6b4f77cbb73
,0x24Dc0905e2C310E0f7122cFbA25AC67638Acb7C0
,0x593965F381588cA0fc3A5A6D46c00d13204fC9C5
,0x731899FC20Bfed23FFfB78b5A957BA1bE469dB7F
,0xf1b5ceb1389Bce98330e6156b46fe658d5E4D884
,0xc0dEB9fa2f0c59ea291DE66c69D5284f9F1c9C28
,0xeD6b1F0b4554F6164C35881631714fa8e880895c
,0x3B1CEC655e53Edff53A9220A7257D027dc9Abf33
,0xf437Bd46714f4C1e201b5966ed7D4E43ACe88FF8
,0x6158F8001F0183D60b75F7dbb5607f3F399aC71C
,0xc2d9BeDb881b9AEEE233e90b4ABe7AfE3fa21514
,0xc0dAE03A09FA07B7B44EafE082Bf87a8E8FA3200
,0x1BABceAcB5628824b0FE16d77F42fc07f9Bf114E
,0x5C96097349AfdDCCB2308FAE5e7B1895F606c78B
,0xaB8d1Bd52d2e0a9bDe85C62a9698f2B174DF8c71
,0xeE36A65D82Bb3C1fbe2034A1A7Ff98036e1725B9
,0x6605cd292daA22bD265bE7eD2a26aCC2eA08d6df
,0x81E58c45c9742f1d2cDc7296312c970B0aD826A4
,0x1d3aeD68a8BD9D39234415147c4f1A370fEC4321
,0x9DEC690529209351cF439C832991aFfF8018f0D7
,0x2734571FeA7CfC82737DbF2D9af289AAa6A60fD7
,0xD2D306129721f5D763350E090E8E82df35833678
,0xc9D49c25026B7E99041A8D74b6D228993f5adAe3
,0x49ea12dbA9cd6D7f232ccf6ce55dc76eE65f670C
,0x9e12C413bff12Cdb931764d42f9d9b95e467F64f
,0x00084422239422f950D1D69391E9A714eF9c1242
,0xA930fE69d4b44C7e9DC5fcCEcc344319D06A4ddE
,0xDf9E4354a98f7bC50c2A894f41d10A9032d1E475
,0xcBEb221B0B5255AA2DA6fd0F248bcB1A80a1772B
,0x094F894e280b0568c2627c9A91136D09bA08f873
,0x5B14e83bC79845b2086B26CEe25c4e3733700C6F
,0x9BF61C2fefF7CB396678Be977bdc21371c4be89A
,0xfea0B3395ddac9aAeb84A40FE353a49445a7B74E
,0xA26b1b8B76Eec54530f3D4d54773D4D4d58803a8
,0x35e230E653A91Fddcc7301adc1Dc1c3EEC1838C2
,0x6D6d17531A6e294fDB365599AD992a73b90431D2
,0x2d614EadE95CdbC8c79507FEF571CB981c30Ea13
,0x6b2cd1b30576F5269F48FA285057419f4b16FF24
,0xdbEE83aFE9a84C2B093F8195980B2d0767F7Cf0A
,0x6d515175Ec23C56bB57228Cca3C2515Bca300F18
,0x9dC9AA0Bdfa8C475945405D5475C18c35dD1e209
,0x07E42DD67F689503c1C4E202f7ec6734a91844b1
,0x414F4b6FFdD5Be9a8aa0Ce66F6b03832fab7E99C
,0x002Dd42c44248285b25Ab025E736b8bF9656b1B1
,0x795ab1Ee5D5927Df65E8CbaFafaF4821a42D4de7
,0xfa282DD54e00AEB85C7b24aa2952e18F1AD1295B
,0x8F3Ec7389085CB509FD5F6943672EA3f61a1013E
,0x71B1f197c95196fFA4Cc1Fe7a5d13a5C32864b65
,0x3A7f4c14d3502Bfa695D6ed8095502434a4a29FA
,0x536901eFA96BA2E656C884713dd0102234F26105
,0xFfF46821B94215f68F0aa7Ab3caa67f37e5C492c
,0xA8d66E5B044c3Cb978d080879bb498c6297C89b4
,0xDEA38f906528eb4D398c2A83f49E2aeC9a398dE3
,0xb0659F7aBB10ecb95dC1854e0f61CcF07B700Df1
,0x076777344cD68fE2832f1c8d854aa177CED4d07A
,0x5D08585Fc6555aaf46E0d6b34999b48656d64668
,0x8cADC44c0C49e4E1f07Fa2Adc1F3E66054Dc932c
,0x2FB3D875Dd657359f3F35470E8e7139456A3F16a
,0x17C671faD954be5C2fe8619Ed9DBD1D694b33e97
,0x5E4825D195994E15139917aC672103d3f2ee0BAC
,0x25D03263A3E5b92CC4916dAb5Af749cfBd33F342
,0x36a548a7428F29510528cFa3CBeE71119F9B30f3
,0x60969969F1285687b63811FF46f4605CE9d04176
,0xA06D57f25C65378677B86c9645DD31F6d8d93984
,0x918C763B0b575091438cDA9cc28F6357D22A4e13
,0x02E938A798931c08367d7e8424F12bdED3586530
,0x60Bb3B2AbC28f23F769B234e06c69CB3267ef444
,0xd01324b6c2a1A96700809a0110530a1c6f521bfb
,0xA776fAfcCa7f42C360870B0Bd3753051910421F3
,0xA5637a33A68764d0F5c7D02AE5652f5085fC8636
,0x1d0A1BC268A7189d42FFD7460f7BDEB68649769b
,0x480a4cA96ac497F57dcdB8A946aAB28cf8F3c09E
,0x5946D8a416B47eFcb71afc1c2CF9A38171d2F3f2
,0x59aD124657706cf46Cdd9CEB030e682335A59794
,0x26437E0358E750a48AD600140A3597714785573a
,0x5D5dA26fe55B76861819ACa65fD91b768f6d89A6
,0x075Ac47dD7E133ecFC9c30c981Ec5EE87dacc0D7
,0x196ec5C180ECc0391ad1482217b99991F5e89392
,0x35392897Bd6cbfC36DF72d201fbf07D1510c07a2
,0xFd0F2E1AbF041F8623ED03A8FCcB8BFF9C19C798
,0x9AF5F7C64E5B55407fe4032Cc449469D6fbD271d
,0xDA955E2480Aa8706D1b430E93F091Fe2e20b4b9e
,0x4ee65F9e93EcA93657711d8490C6b0FAb8fAE105
,0x9eD3A8ADa3Aa7413261698474d3f1306B0aFDda8
,0x53F7aD4b3Bd213fb3Dc06D6F43F442bE53132f7C
,0x9EfB4c81ca54192e2eB12E17165BDd30e1692723
,0x22af2a19dD521622A1CD8B57705C87D67482D2fd
,0xE5614D793b4d780a9b57eA046B8c7ae792eB6453
,0xc0374AF0f81C1aA1ACf4e92E16a76769F99A2270
,0x241C41dD76C2651e030826F7FBaB753b17750dB9
,0x9763aA39cdfb42EDEf7C83E82C58FAcb37BF3CF7
,0x85321Dec2b8483A895da7fD1F8C9469A3c67BDA3
,0x213c3E62Db9f97ed0444b6B7AA2592920E93f3d6
,0x1E7fdcffafd2BFaEbC7fF2Ade7dA5D02fb5831B0
,0x439AA2426b781823b27E49516e3169dADa49C182
,0x4314CcD59De98Ea32746D03EB0c267CDd096309a
,0xd87553e0C1D9baDd0e98B335FEb308b6A7B3Fbdc
,0x030c438E41a85eEfC60372B573eC1E48A2cb5F17
,0xd1D39989D84434eE40C650855a652085bdaF9b77
,0xe3B3472C98A6CaD418F251d938c8938eef61Faeb
,0x10fC233a239b396baE9D6c3Dde583739d7dC200C
,0x9BdC44Ea751b480091D9722e8d612EB2D3f15Dd4
,0xFAe2f18f9783b1956A79DABd94112245c1E6F76D
,0xC171268E393eE66c1E2A799FE379e636a41A1D5e
,0x013a2e92Ee4B9B464FAaeda7A985a1F2808C6Dca
,0x84846858ddC7B032E84776E5647010a9C5A6bB16
,0xf84D4358f6e9C1354B828824F92674B8d5C9df4b
,0xa0176E133dD9D135A964bfD91E01657afA26c788
,0xfC996D4f713F252D7458D631E5386972d5e9dfE0
,0x299461636afAf336a9405B1c11B13BB9B9824B37
,0x1444D6526109C54516584E40e78B567F6BC4A48c
,0x00926B808BA02df59a337bAB397E5aAB18424ea3
,0x4167584402a7cCDb07A2fbff4D6460aB2eC56FA1
,0x1B26dD80e038636A58d92cf6553EDC0f963DA3a3
,0xcB36C15ce4Fa6b82507059c26a4b25D0d5469869
,0xdc6C48Dc713cD61BB8F4f13774C3f0947227186c
,0x78052b95465660e7c34A9690054f89E186FD26E2
,0xC5aC10ca1245FF94b0650930A2527E0B6eAaa2dC
,0x46CD256160f9E40815949f55C5813bcfE6C11e50
,0x3e58005F0F6213feB070F398391F31E3Df4830e0
,0xB3e0358B355e6B48C1e744d08926b4C00339431F
,0xD5360A702A60762099e1abe1f928E03Bbc2f326b
,0x3728C883b5959031625242D15b9fd40003c67aFe
,0xffD53813CDbd0FFa05215ED234CA45D3EAe0bC1F
,0x55C0d3b0a92d46851004950126A68Dc133b2F0EB
,0x50B2a88343a59763e05533c11baA5fb0ea71dd60
,0xD0212E086Bc62b2AfbF0B5D4a2B414160a70a935
,0x6C96fCAF92a6dDA9E0e50cBe4f2DA7E03D93E322
,0x82C445041d793492f272e1608F38D6e586D8AD7B
,0xa58b62c440c52E16dd5d3C7763a544A1462fEeB6
,0x8Ee365F6b830Aee3F7427edbF2404F41Ea3D58f7
,0x2e07542Ea48dEf743A059AdF8f60958d065943bB
,0x5d77d574E005814f28204A9b0E1233988273f19F
,0xdA7937307b6f9d4555504dD8509F994A2DD41090
,0x2509CC4eC441165924D0F4021B3037AC2E6D0A03
,0xAE5E03893f692f0dd25b36062590b95CC7B32f8c
,0x9eD9a0057BBE5a85713505B686F06EC159654724
,0xBD3462dA9b27f746F928cbA5858d5Aa0C8e77A5d
,0xdeADC4f1b062AE142C97Ef1C21ff7fe0b5c5eE2E
,0xeabacccC139A06C3Cd9b89edb3303C866DEDFf18
,0xcfB8ce5667a60A77b6F3C19C895c08ceba4C7a45
,0x7A207cb3011330EEb5Ec39c55F65eE70E05f377C
,0x9C5AF8d84b41647161df9D842c3938391a046607
,0x7A4547CEa4D509AE50eB477DBb1f8cE442baF00D
,0x6F3bc15C3D191e69F03d24eE58A5ea89312C0f8F
,0x028CE29a1C2cb9D07401563AF391df89F9fC410d
,0xbA57DCa9DE7B1c5555BEdDbA1678E16756Df7854
,0xBF2E267c730685D0e6A49CCA6C1f7Cb75C963d3E
,0x44c6E0C52B0B26A44aADBA3fB3735Ee556FEC75b
,0x8dDE08E0A59148C826536859F467EBdbf9037a20
,0x9b388d8353272A67FaEC97219F12d6fd8cd4Ef5C
,0xDfCD06A6C5eFb9F5ff338af43d418A01b8c19E04
,0xf4A055c84C246a7C7ED285A4750B1b9F0FC63053
,0x1637E70a26046195dE7BB2097A88a2bFb0B12175
,0x62898d73Da05e3b5E5404eA32B2D137B71a40ecB
,0x48506E77a2f2dd08D0c166108dc82B6FCd8ca656
,0x9Fd3E3B79aFC83bf9C43fC79F7039F2B3932d950
,0x913626bE3aa0b773BEBC4cd84880555F0640986F
,0x83AA60E9C656aabA3f70A1751c9127Ab2b88cc96
,0x9dDc233a0204A633AAD70b49f5d733785d1921CB
,0x913D6d39A162691826f47523AE6A96630e9F807E
,0x1adb04e700a02B03e14A51AaCF5078FDBD359d85
,0x3Ff2f1b61eeAD5792ca3462BCee31eB6ac144937
,0x9298197a50EC76d089bc8204d76Ef97Fc4d3d87D
,0xDce1AfA4E9db5CC38ecf6EC23bEeAA25B3823d94
,0x68AF1422BAB4043Bd2267eb4879B7cEF92b753c2
,0xbC8739ECD9c889a4d2BB0a80e9e94Ee294421468
,0x773DF340E063bf148ac2A877A9CD6f479F2b72B5
,0xEF252aFa90C930884891a5D75e9DE4316E46816F
,0xc14a4F2BeBabD8eb428aD393B92b3e5D35Dc73b6
,0x9Fd3556e3D2696c6685a93bB92c24aa86169D815
,0x5846d99EB7d312E40180c1b57f66BCC6992ea28A
,0x483299d90cceB49AD5D43B7F964740E9f664F6B2
,0x8d17E97AE33869a98Bc9908A0b70ce7Df171B7bB
,0x5e5022233084acaCF317bE29Be848aa2B27B9F81
,0x38e4297a72D42a4893ef175571Fe2aA489f25619
,0xcAF45379a2e0fa18276B37499Ae856e2260836e1
,0x069D5D394B65cF23B2b1934170D5Ee5487E41D17
,0x8E1fc07Cf49A2688B0EEE3CE0E863Fa9507A0248
,0x105D6923892E36737147f29f63CE0e3ff16635FD
,0x24e68496A26ecfeaaDff5319e68B1B2f2ceE3C09
,0xb19c02dBe08aA1f1bD2149219711f21059B89e9A
,0x478Db2AF86CfE38149c5482903eAb2c47b898529
,0xFF06D9D1209e6491f2eF80823AD403465cBB30e4
,0x1d6C197C3698580aaF2C13a1Bc17cFC98150B448
,0x533c2de8054182B24F06AD192D2Cd1Fe05517d24
,0xD9aB962E9e6Ad449DA49cE116A281a06494796Dd
,0xD254c8244F0173fef34f7335c8F687f8E5B35E15
,0x47CCd58818342e35FF9a6164DED4561C10B0A813
,0x371E0E1bE3c4439F951Cf10F239b831C83c7890D
,0x99996Fe2053af8b843254fbF7b4654f625211661
,0x6f37434b820CEb7b677197F8b31C5d7CB4Ee7610
,0x3e459203aa1912E7Cddc4eDADc93219E4D2F0DEC
,0xDf2530482b7761B14Fb3DEFD1b46081c9aD670C7
,0x2dc83A3Af2266A85bEC423972b3679672313c211
,0xb04b573A1fa3a89368d9bb9AdB0294D06d1AbE9b
,0x1554aAA2DdE30318fefE53359c867D755dcEaaf4
,0x8CcD51994E669933A6475d0577c576A50c2d71AD
,0x13140E9EC6b3b5739deCe6b17557a41A3490653a
,0x480dcb235fa9F22Bf935395669b88De715Eb231C
,0x37495383213b36DAe0152B647C7F9BF6709fb177
,0xFb53eB219d0093C5889856030f4789d17AdF3Aa1
,0x407530a12B6EE2A587AcC3e0d43F47F4826fd923
,0xF0a112A10D66376eaf43b180B7A00beAa2bD7d56
,0x989702C24E3Aa073DfBa1bB3Ce6e7e30390c0A46
,0x8743f5A583C613785e2d3258f5bbf443972713c9
,0x532B59FAEfA073B0287E224e30EB82745c5F3996
,0x7831D4784543e91c0b9812A7AcB492dBf28aD76a
,0x7974fAA5681cb87a5C98DB48e39Cc2E4aE420482
,0x197EBF771E57759aE6b049b4fbF5557429F95d0E
,0xdE101cacd4c8a0Df8E23d32DDC395afAb9b5B53f
,0xeb121AD3c9fD0f7b65A1620098f5F3E83f5341E1
,0x28659B7B2e55347D8E6bf5494A43a21524f0eA54
,0x3aebc5Ea5F0E9511f424e0BdF3B28B73Be110E1D
,0x9d5c3CCcC6420fEE3A3ad3552972cFc2162aC26e
,0x10C58836fa26E1A7A9409AA03b1c3624f78aFBeB
,0xa763C5EB247A1f4B184F827fD6B817f44e701aF4
,0xc1B504931aFd9b917A6b9BFbDa6076817E4BCA9a
,0x55997464551072C991665bbb17063D0497635126
,0xdA98152dcfcc930fD8eE43F3c4c9E5E1e6cF0087
,0x258f86e0cC1ce597A44f5E11474381e45316200E
,0x283fA46F287a8DF37dF547Ab2A59E9229228459C
,0x179EcF3B4c6921147ceb3f4556e2968556B516D3
,0x9E83128133D727B5c4497fe12702045159E8e45f
,0x872e2956ADEc35781dd29270Bcf24CaE8128026b
,0x498D45f2bf657aA385656Fb43488D54AC4C9f366
,0xd2D31773f1c6aB23F8d25c09f864d7d47188df11
,0x71E21fcCFc88C647F6C615fA99c7B680D6e5c83A
,0x04646f2e37324298D3608590E8EE07C23389Ff3b
,0xC8fc513e72DD10461A27C7dA96aB3adDAF0e49Bc
,0x732540991D7CEEb236703aD90b0629aDD9F02bEb
,0x6245fDC23E55D52dFE35DC5B8bCf45c950dC0795
,0x482D96Df068944d688e6230a454Ed55644F855bc
,0xFE74Ea7966b8A505994580e0e5FCB71BD49bd67B
,0x3dD50f86C81bA32fD6ED0e1E94dD16D3fAC5EDca
,0x36182743aAEe3a1B4c540D066608470890773357
,0xf79BF098aCE1b338D8B88E6CE13d421AE7EA62E1
,0xf5f858FFF58b665fa3675DBCb93e7f874Da51E28
,0x40C6B821fB25fdc10138dE0Cd42D0A6c3a38E6D4
,0xC71Bf73643270f8026Be1a5da454f42ba9fDaA91
,0xb50e24c8BEc25b162C01DE445A44811C2cFC8ff0
,0x6dEa4B939944e5e2d2A8701b8Ff932b09F8363D1
,0x5A6e50301BF60507Cf576b726c04Fc5C1Ce07F42
,0x15CE17707d116E4FE6F37F3628cbE47c4eC77D72
,0xC4F32262B19283f4ceB6074cF4cC04a0bE754474
,0x335bF0cf7cDb7e98b43FDdcF30Eae6D3aEad2088
,0xAECD373B70085395E921A587DE34f511Ff92fA84
,0x7ed108828BA65479E9531757149f6AD85e6cf3f6
,0x3816336047921D7f5289BC2380FEdf2a89a65343
,0x2fE31bC04C91346b69922dbeE6A9d808e3266288
,0xef1F9435dA1582656C43cAd30F25C0942D063D20
,0x29141d78C86A090cFFe1799596211fddda725787
,0xA0D6ea68C43D145Da44f17fb9CCcc5a5F07a583a
,0xB6D0474D12A20a1cA4119b245950e1d8BB7ec153
,0xD79730eE09f61565AE194a903e04538e34A98Ba4
,0x8b5cDABdb3ACC500781c8d4f40A32c61746fFa7B
,0x807427b2719f7De2B4851F426662EbDF3954D697
,0x6A19342c5E6B2a8fe9C8725C8ECAe2e0b72E88E5
,0x5433ae7C6aa34DCC0649B77e690B0616CC89C4be
,0xB5266dAbB6F980dFdbeec39Df975c276381bAC22
,0x9af0190F60869dABf724e61240fB2F8b1cbf2109
,0x404689e26C019620233FFbA9dDd950c2fA966b34
,0xCbd0861A70a0455E902e2FCF801E994D4D1D005D
,0x812E2e87a0Ce9830964295694b136506dDe98BcF
,0xB08fEe2dB6CbFEfF64229382D004cDc487287FC9
,0x013e2E7357bB809C339513F09e48F07A910B0778
,0x71bD7547efC5aa9ff9D48B913d0839505F712c09
,0x5651661831Ec257C88E4903A7aC857Ac9475b67A
,0x2D5176116dD53551313a59e61c2A7C3175EF74D2
,0x84aEe7cD8a285b8073a07d44E4463A7fD534Ee08
,0xC0508ce19a159cf0bA2Bf6FC8f8c2A5558b16DC2
,0x9134F7727E3E38075cf5414Eb3dC5C712599a6C1
,0x8336cbe62E018f7D78839e1B39FB65A8d7C5058E
,0x0F761B7126302495C7f37c873d783587B07c143D
,0xe67a50bFb65862a42c6bF0e9725f659FbB2cc3ba
,0x1650Bd47E025e04fb31f0aad4e3a6e4ED4243d2e
,0x2450911173DA03D9B329e07deAA632e0937a3fcd
,0x5e467988A606BE7DA6359B29433A64E1B9f86520
,0xb4436f4634309394aFC74Fa436C71Fe29516F390
,0xaeB33d72207D50829b08450DB976Bc1c378B21dA
,0x5a5fc1cec35bf92C80977D20ABde4abbd7276e99
,0xD8d79C3F90B110Fc7d09655795f35af1fe72307e
,0xB03C667147cE5961f0F0C166fDb356313990e44b
,0xAEe675D18898BC2cff72Ccdb2e036b1307B02307
,0xA3124870cd636BAE4d6e1e3DE24e48140d71c177
,0x243Be9dE073d0014C53E97032FE5d96d02e9eF81
,0x82FAF2c74C12b235886914887c0CdbB4238447dd
,0x7B8Ac278EB4866A31DB3d9E0f326ee12A76c7F3A
,0x624F9bCCF78826152845Dd92A3e3CD29A92fA136
,0x865FF4D322aFF55bd1b9A17BeB1b58FAE72875e5
,0x0034444bAd012026bD57043c1Be4C46dfc626aB1
,0xD96104007cE04d0cB71378d6E4732cEf615b1D44
,0xb2465049aFfDa1e989a11aF5a8eD12f5c0538275
,0x832EE9c82aAcD55F3F564Da6b2505Fd52dea542b
,0x241151CF32108Ef412E54170446f1881e1FD7f27
,0xDC37Bd25D84c2dd7FbD2f786256D9B0bAAFF3Bde
,0xC80E649Ca3329BF467A81fA54F4C4C383DC486e6
,0xAd92B48582422A52FCa84E28B8486e7BacB91201
,0x3f74330582543d19Ed7DD556d0244b55eA2D85Ce
,0x0177d8EA5f832dF6C141648d54E2bf21706aCFC8
,0xC28aeA74cc488016da715aF773c9EAD586F890cB
,0x899804C8EAf3e136c0397A3325BdBC0D9F7Fa66F
,0x37748541A3a50EfAD09bBcE600d442b96E4E4af0
,0xF2A5EBCe088D4F75dDA2cBF9f6A61D46580205fd
,0x514422b989F752cc506852c02909e7d536BE9ebB
,0x96cb893DF23193b931748D038A76aFe02243057F
,0x208B8aa0236E06481f24a401c1D546B041F61AB5
,0x08cBab33716D2114784C8F7a82aD3c2832daC960
,0xa4b652Bb15DA4D20614942CeA87968Af19F1358E
,0x4464f1d41972f59595133364CdDc982EAcfb98e2
,0x7864C4e48F4F79d7b5D96A75b01DC16a28d3c3AC
,0x4B8044E91360c038D64e2C5F928A1D2fB97F24e8
,0x21959758E9b7746463dD8822BEa5c58040c4b030
,0x9CA8F882EeEE535B6bc7929025e082C56655E98e
,0x5B5a144C59632C358b29c70CF759E0C1d0a2784A
,0x20aF486c76dd59ad9b16F747E4e5eF936698aAFf
,0x32414034006a2F50453B8d63598587e86FE77203
,0x6493936a745a1caDDF26f952D28565f69B3297d3
,0xAcc7745f845C9f40Eb2854e1bf9bc9e9B181A563
,0x19174Cf29d95Cf00Ef3Fa93078AA4e332a2F27b2
,0x2AF65793034A046073dfD89572270146316Bb5DF
,0xb0CF0e7c4c9628A24696cDD283AC18A635d0bf7A
,0xb52874C5da6eA56815388bc5Ffe833EB3e1de1a7
,0xE49d838d7F7ff4339782Ba259FeC54ca9F759077
,0x62a4bD0FE5641e3Cf6d1887655508Bafe4F8EAc2
,0x1178904c93212D5903FFaaC2CADd54dB39a27Bdc
,0xD6054511dD0b281e048A9D7d668e61eb545D9413
,0xF625C344e8CfACA7929927B5dacdC1B7F1075176
,0xb0ec42DA6AE59d2f4810De7B1865b3B95416fb5B
,0x893f71d66553c22aA0171CD2f9919efa3610Ff29
,0x58063812e77fAAe04B0670781B1c2D0CDA2CcB17
,0xf3e9A8c59F06f9E822E0c9f12926e88706a52720
,0x47d0A1dA11d5BeE0aE5dd832B4146bb9D3F8b27E
,0xa67A3FC7F127256b6975b6D7773866b68D5DBc23
,0xEd38D6f9f36f66a07EA43809Df8fb37403647bF0
,0xC111daCaE9161B2d5A46A52A54b00CDa87C14Ae3
,0x55a4C33Df707720C33c117DC4944c1e73B564304
,0xe764d7A2987b253B981fd9E49aE102fa9F01CdF6
,0x0ee063f115bd337eCF6158c0346d6cd864010e5A
,0x32Dde1ab729970b0E6Be48E31C0644Fa379052F7
,0x2aAa9e7B2d54a1e5e42A566956C262ca3108d99b
,0xdf9E96C8Fc95bf990264d18108823b2dE35FC617
,0x17b02998A8e02F28600a7bf31BEEb0Bb81458361
,0x0699aC23FD693c36E9e4D825eb8EE571EA2897A4
,0xaBfdb9e01Bf2fb1E2398296429Cf6a05Ea275e9C
,0x48Ec9EA81868b9F156e4c6E0b929145f715B6d58
,0x6A29672E345936E755e38B2B2e8B202eDDaAef84
,0xac05BE64e08b4BE975AAca9143D938cd8eb7e767
,0x0F458dBa34fD3e1671160ffF2bbB880614b8e6A5
,0x5E2f1c29Bd6c12D44c9134Ce806936DB1069AA6A
,0x9bF7886e19De2b828820F8b2B54617c7E287D18A
,0x425eE4e4F445D9426291e9578493EFAA03d521c8
,0x5413b3eD0653b80A40c05EfcC76ee0B3bA444390
,0xf07B2366b93e0246269fC2E402D29335B25b9203
,0x491E699b82feb33D83B107B051a74E53d9d04e00
,0x85821DD069FCC2B790A26b0E3de22037b723EDc0
,0xe54721AAd97B97953d6A238CBe76EE467F919373
,0x572656D6812f733810055b8EA031c753dC82e5d6
,0xaeB9Fb9E0DEF60B283Dc5B170E82F8D3EDA2d9f4
,0x4F48839e9b220a79cC2A9b90Cdbc37567A6F2f73
,0xAa1D94B7E0D72b0a146f38FC8A6602f3B4bA6eBf
,0xdC572B8024BE3F47442e7442521044228d8fc233
,0x0BDC5F1db9FE5359Ff73C3D27A53E332d77A4Ff2
,0x07AD31a39681c69d35ae333e2f2d54905486c6b4
,0x595206b219791579459E68F22b44D40f15595DD7
,0xcc17BB4D56B727405437d929A8a686de2940F685
,0x07CCa77042951F1d5DD6fe1efC3D337d4fA27d3d
,0xa89aBc37180F393565BcA8F7e67e0CBEf8D7542d
,0x71AD6dD37E01dd6B780522C7A3ac69D0809DD9BE
,0xBb1e915Bc99dDE5ceF86320f08bc7E8422A27FDa
,0x317309AD6f93CA93Ca93457abd02d3BAb92A5b45
,0x0b55919EA779573E5B9fDBBAEF70ebF58F6e6f54
,0xFB3A4488108e78c922EF5431E3331705951b8ac0
,0x73E54EFF883D72b796E5D175589601968B4D4af4
,0x25b58ed0C9f89195f77aD70cf13DaC8A39840BD2
,0x17e76514DD770CF44B52ee39b42F1763d3F38C8e
,0x12A79B838433387A6EDfc652f8ae447BC69ae83E
,0x4FF5BC92c7C2EB3c3b61c4A2A92f29760B81D8eC
,0x2440e900FEfAf97394a6d26971D5516e463eb0Fa
,0xD933467c71EeD6A7E9BcFEceBbc5647984980bfd
,0xF8248955c1A716992942f3A7500b155092CFeeAF
,0xe4e4A55db5E44e4c026438a3481bb672a410b029
,0x3c10b46f7CC5E7EA764EDB94f617637c03176FBe
,0xf21f5deFc5C6ed181bc394d1cB6Aa6f35AE4f8Ed
,0x6B5847428F325104df241E1219FF8e78D7B013fD
,0xc4B125B4A1E2a8D7C31f15507d049AAcf4154eC3
,0x4533acABf3B0a1416DC0E0AADdc4ea70803fa24a
,0x0cF13976B1913eB5EeEdf189a5B2a7f42c277494
,0x8d844406ff919dBfC497E0F826c152541E081F27
,0x25A5C765b827234c9daccb561b38cfEa01e2c112
,0x1D9E4CDB35573432b3c838c1eC9d19aAa75f357E
,0x186a0DBE4265C6E1Cb8C6f724560eb82923c4744
,0xE19F81ECf4f272b2196BE8D2Df889415d7ee9450
,0xCEe0a834455EAa4674A072156FAEd61f74D6F790
,0x2359Af50edf2c659d382926D3E4A833462331e88
,0xBb98F108397bc792dD40Df7aa3bcA0839008CCb7
,0x1E6f98F5F5B20fdae16ec97A9B9258038a0cE872
,0x9A30293edec96286E806c96bF9B7Fe48Ab8aCa4E
,0x02ce4BF221C98D0f365A65737b1B1Cce5283bcE8
,0x2226fc1C68a0a85a152acAaa4adE78cABC1e5695
,0x2B886f1872e4D5c5A1055b26Ee0421803b586DeF
,0x3BFb10B93a093Bca9124153A24085770938Cc730
,0xF012cc60b28dEC8b7a35ea063c6cb0070954Aa1c
,0x6b3C09aAb9c0939B9Dc667C5738fF185E629529b
,0x2b617BE75006fC31427EbC8b1cAD9227427Cf266
,0x6aa024A29FECA0799c2DEe2a6Cd7239b03dF8d8a
,0x05d298873BEDf36425e4dCCee3b02240D83fFa37
,0x28E83f6154F0BA9FaEBC6c4503044b3639FCD355
,0x0723c6790Af658aA719EE03fD25AC664CcAC9FEf
,0x3f11cf97DAF2AE2A2fdE51e161aaF9A2A55AEF4e
,0x2E4e0C0B9c1Df3b9BD6EE974C7CA790592b0232a
,0x26DBC56cA126d9Dfad6A0c53a1B5BFE6C5836da4
,0x792b1FFc27e9b12986F878f0876438D742A1F0aD
,0x07265ffa68B0799cf708C632ebC74fC672864b33
,0xbCEA67899B1B8B709C4F3b6ed9D052D08bF31c6a
,0x474a1EDbc61e4799aA3A4CfeD4Bb5aD830B6298A
,0x8Ae0CF34880Fe48d419635771caaeFf8D7C05044
,0xAF83C366EC9f1d294E5F58919bFFcEf5d0e946E8
,0x3EE43DDACE828725a25e9DB03cC5c56F0012b4Db
,0xb82FF8B68515833462d54654aF2B34E35fcb127C
,0xE0247d511CE01F5dd5cBDf153E5B0b125a37FfbF
,0xD327e37d4bb149D8E94AD573Ac236DC54cf33d87
,0x4f2b663e16b1e7b3167594094CEc65A0e6743036
,0xc8c999D4c91807aFb6c7AdC01dAe39177E991FD9
,0x667E8Fa7F3c03E5C85EFdD725756acbF76440795
,0x388858715158814B4Cf5362430EDDE95d1CDDf18
,0x8c9656a182Af4457415F31136ee5B142f9C70e5B
,0x9bAfC602c601b07030cbD4Cf3d976CC0C501D66d
,0x2A920eCdB0daC840035aE16643cA6eEAae2326cD
,0x981D032B78A02Af217bc05B6FE73fE3B349082d9
,0xf2bcF28585DAF0fC16322e5d3202173740e5fb64
,0x41a272d223B5A90bf8b3c966372022e59C1C11Bc
,0x386F712eC953C75D9129C4d89Ff55076ac886A31
,0x6bb8283a7030FF0bABE57774c445dbE87AaA3Fb5
,0x915E9033f4809DC1eD5F66152F78Ed13D6BF2997
,0x7d0a1452048525A883ea896265796d04cf1B2772
,0x3EF37545FebfD34955BED123eFA6b6e0F266ed20
,0x8bfa1a9dad5D1E25CACC71A50e35294F7E42B73b
,0x09D9A04d4E20002B9c61b062d62C986c550ce771
,0xd1d85da37A24629cD5cF6754f500bA9158F15159
,0x92088aFaccE7ed9C56c1d4f341c2Fb1049421420
,0xC5c2d9b601d55eea18D9EA5576d1a1457f69Fe1d
,0x1e37CD71e091c6899728fdeecc91705E1B0c0533
,0x865E0110d8f69ae58601308f3511c03Fc664E502
,0x409107C05216305814E9F1971C647B6df46264eB
,0xac151A9Ed021B59a57EBAD107dbD0f08702b83E6
,0xF9d861f1F241cd6d6cf6a14A333e498c754907C7
,0x1Bc8E1a8AD103501E077caE1D3B6B9117202aE07
,0x04f65A9D2D5F11614e14Ad36c52777e7E0fDfF80
,0x32CEc0d9902095e2b60b2382bbc34E7B58F7E28A
,0x6d787B2D6BAca16dF854609209DbEd386d891B55
,0x570fD1cB1aABeebF62b3443c0dC71c4699E3fF9d
,0x2F5263DdF69635cC2A00F15560debe9F3f3A7fC6
,0x07922A7f459E71660E1Cd8E7dcc231d49e8DCBDB
,0xa2a79878EB180A8558525DDFE0C6D7DD6539a0b5
,0xa3A3EfB6860aB0DEcF52128af41a11C3672EE790
,0x9b2988b7d8B1A14AeD6F9A60d2086216B6FF736E
,0x93886448C6b0503e43c26B2c95EA159A0Ee4b840
,0xaDC3B5f52f8B15AB74d7668184d57D7674D45fDA
,0xdD7822fC81A08a337A0774bC378E2307d80cF744
,0x22C094568e83988F5fA210Ef21bFB669136CFe49
,0x3e79F31808BdE7BDAB1cf0d3A2441489f621Cc09
,0xfc777CbeAe7cE9Ed9f0E6AB5Ae66bB92D3C0BcA3
,0xc170600Be25f16dABFcd46F93382A68067b29F30
,0x74F18CBF8fFB80B3902460CA07601f95792A3b2f
,0x6c008A863f5aC8dB4420BebBb7Ece475c2700740
,0x8a80b011df5273ADD97Af2f8DCBDcF7F2D5875dD
,0x61d9b9afdd7774d4BBEBbDf887A918C3DC4C0d44
,0xF5C8E79baeb78ecB1eb388E2b65a8FEC9C488213
,0x6B4091Ce3eBe2a38D977f954464F9Bde1DeA52C7
,0xe68B7871f65857F1858dBC57801A0298DC4F83BA
,0xB8C0d3089ce2Ee78BAd4dBd5842A3ca0468a2F91
,0x0925E558901aF33fb3328F7F2E20C8Ec883c5227
,0x7bCa2867503a1Bf45af38659e33541f63D78f967
,0x6DdF7a1E81B796EB83b43b74471c20fB65211EA2
,0xb9AF59E50cf70dc092D7d91e68D0064cBca9F0c5
,0x81dC9d2caEf510bf8B0194EfFa785f50DAf4f5e9
,0x4f14cDFF0D5A65441eB655fA96De22fD602d7Eed
,0x8c06Cb7bEBB5C62b8a6cd79388A2C8E91cCeA2c5
,0xc6628b3e6ABcd34637Fbf6951b1108e13679b217
,0x9aaE8412d1B3695Bc6B2CACCfb6d080D6fB42a58
,0x49b3B54913dC2078fe1F5c739B1703c5cA878A23
,0xE97C9081128f8382Fbda311435Fa9A339d7dF820
,0xEc2a571FC7311fDA8CFb1677c055802E58B627A2
,0x7D9Ff7A6D34470F50ef2e60EF3CFDc2C10F5E233
,0xBBFBD7A5363B2007526524adC9fBc4A56EaF5901
,0x507E019f4ba4041B91d735EE1Ba2f9E634912395
,0xd060Fe1a23dE41422495b24781bf3E01fC235AA8
,0x315c7C5f5674B17940584668C708957ACe81753f
,0x8950cB4321f5a9352970927757B3EA93FFcaae13
,0xB39648AaE743e872673B84AdFCE86C7Ff2672AD3
,0x6b7788B0612417057A56317577878bD945a2838c
,0xC2EDefB70A481940eE7E6cc781ce3936c0d5eB47
,0x2E356BB3C76eb4D1039C0B55C1a3Eb36FEC420eE
,0x21CA28E7017A3f529c6b8CfD7F8e6Ec2b05F32AB
,0x87C9fBf14E6c79E6c4C6E6D5a2769a3CB1F818d6
,0x973Df727f9F8eC154F6E18C0e3756BC294acab9c
,0x16cdF30282e5F9DBA59b4D917f5Bd5676b596603
,0x9211D19DcB84cbc0776477AE7Eea3D88c8D11B95
,0x37ebE322765aa2272258579BE8a92c0D821f4dB5
,0xD5c46A3238a98686fE03995DD99020320b66C1a2
,0x1c953F8C8cba65249af473557954b398cc9f5943
,0xdA7f6BB0871dcE1F3407e950657FEfEbf4998AC3
,0x1652714656868d2fD421e9E9D8EDdB049C92bcd3
,0xB29438b3fe804FC9E0062BcBaC4ef4BE26ADf6b3
,0x63C33dfcAeDD0438E9276153dF3cDb123920113F
,0x48C97E177AD7ac33e9d823fFC8DB56b2fF2Ba94b
,0x9C7691F2e0148C0dDc72203D0fa2f79F21292a0c
,0xFd87EB8Af004C8c77957B4A909d1c8A8775baA00
,0xb13Bd976F0DC1FfAe5d52321af8EE0bcF62685D2
,0x1869e9fa227F2ACbf2727BFeb389a6c82C82F733
,0xAAAe8Bffec2b7330bAEd352E0a58971aAb410D99
,0xBbd4a235FACc436f2Da5dE1a86C35666455033B2
,0x9BAA781714BB92C8d703D0E140497c21484595C6
,0xeC65644c31bbC609195eA7126c29a9dC252DF40a
,0x6cD1aeCa3811b495c13c5ff426b0B7174b10A4e6
,0xD464b1E9aD6E731FA19D587AE5FA7B2B230a6D3D
,0x67ead25176c90089991ED015228eddD0F63275F1
,0x81296373E008Df4cC7b4a0B902E73d9231e1fa5a
,0xe9dE60225E386DE4723879078744bee064fAfA65
,0x9248Cc3E1A17D3c7412E99705133E92d62e3AD07
,0x32f80c90009f78c519a8EF618B5Ea64e46862535
,0x43dbFE44e7586D3a7968201C76Ee12ef6Cf360bb
,0xe51025d1Fffb1068D683DdeD602Bb6cdcb4644eA
,0x323d018963C804F4941507b681BadcD203f9cCE4
,0xe391284597C48054272194293d5D29DAfa461B8b
,0x08DD99adFf48018c957906CA19552E0D49c3120E
,0xd8809550424E341acd9B71d1Ecf86Ea88290bd07
,0x45C933cd3D6af0c3E13770be192846E7F7418E12
,0xb4307aa50DDAEdc5d19dDaC8130C5b1D500E7A51
,0x227D69418C80B25254cE5D1Db1c1805B13072116
,0x8d0407FD5a262468Eb5c83da89E711C27d075ff4
,0xf057A20b556c3C3ad0B7140634EcE9e222Fe70f2
,0x68f97152A6f0aaa5B0f88456f4bb290638E0c120
,0x8069790893B891E8010e480B8561f8aa9A703991
,0xA18ab3C7d82eD75Fe47eE45b916F84A5AcC5815c
,0xEBAD56B29E2a9Ff4C8662C81E336AecFC8C011a6
,0x9c9bB1330A30dfBb652617D7312C4DF6313D576E
,0x54bd857763b84b96d49785e42560d3341c705e22
,0x055B9d2F37fd001898038C0064dd6719Ad2e3CfF
,0x5Bec1e8733771dBA4315632f84E542A8e556D921
,0xBA3024e114dD7d8044573c270d21DF36797Fd7E1
,0xaaDC9ed65913bF0053B5A6418569128C9980407C
,0xA29Aa981472082A7C0DD1Cc179C0626F2b9e8c69
,0xc15756FF8f300d42C8307B50280AB20514De1235
,0x7996845224b9CA670a56873f68F75ac3C99AD78b
,0xCE3EA3Cc3B99b348f274946499E32416483e8624
,0x41Bc64BCf1c0C576E50b7d22c7d7fB7407b92272
,0x0d846030A7bfb4FFF82cA7268134F922f70d2B8D
,0xd2FDeAfc66126a43C734e1e4F60bb32D1444b4F0
,0x59Ae0246D11152F59abfc6Db88e8598114c4F2F5
,0x77DDC29a069Eae8b8c983C3E742750Ef5a2842a9
,0xD1C11BB623775B4622e11b19730eB928bF6fe696
,0xAAb91003b37dB452Fef462901eE66788559BaDAA
,0x95f576F051301c8B34204774888E0A0A935D273F
,0xF73f64451CC6738b586c1d0e21E97485cB3576f2
,0x2c3de6aE2d9010556F3F7B8B1F70effB8e0275a2
,0x8c3cEe568797b821E568970b750E0C677Feba785
,0xAe1DB549616E298007F6ED89bd01226Fe5c4A5A0
,0xBA4732164112a74AeEba802688F6E6101bAdf720
,0xaa408Fa6B2074447761552022E53202Ad2E02f7f
,0x2Cdeb35f6251bc5D4768Fe003573c68A5a178c4A
,0x1450e5246e2D81AD3B9A58d74f6F7e1C43B6058a
,0x84275f8f6BCF5765bE4b73ED07C8bBD87F21B989
,0x40B9Abe7befB301A2d77E6224459Cb85C043DE34
,0xB3D7189F118B364Fba7b8b3A2aB5E58F0796ff83
,0x99F59f5bE7aa9de2ACCB8881eDB06D490F07149A
,0x26f755D185a717f5a014cF81A046cdBb76139375
,0x5543d8951Fa3eF2c41fF00B4771d5E4a7cC58b39
,0x70A3D5Bda4e911FA0750c4D67BeC43d70C4D3533
,0x34f314e742Ee0e89ce287615e2C055912A088619
,0xe1D531Aa0Afe522d9E5A8B8759160b364f233586
,0xBb28689fC556a8cA90C9AF0c223c992134f655Cc
,0x9427442Fa0991409B7Df3Eb85E4b4a068C4dAd60
,0x7Ef26a6510AD43612c96f958c25b1D1889F638b6
,0x59BC8594660BDD437Cbb825B9D07C1bA254bDDf5
,0x694FABEd0bE256429CD2bf9338eb0d29cC5f3Be9
,0x5942298D2e5Da592A40a9D248B9263f4568Eb885
,0xCF4e9216629e1D5C68530a139B9e7201CE246248
,0xa40E44d110dfaAd006b89cd3c00C136b4F3F5908
,0xDEf9350F2Be54d79F51EeD99B6fA938A9c000306
,0x4Fa97c67e94112951f9bc6f4743671C867cf6240
,0x2e319959C85f5d981B43730C20Bf6F90BaD85481
,0x8249e9561D01a50e1452Ebea6F8C296B70cBfbDe
,0x8ca93cA22F9B80a64239981b4A96fAdcCd254374
,0xF0d5bAb571040CCDd3CE4467c5c0200D2ba0719B
,0xFddF143a5854B141ef1233B077FC17b34BF7Cd10
,0xe2814BDb9796B6c7422b09411849CBAeAa1a9a6e
,0xA0A76CbD3e235bd4E8E0eaa4637C23d4bD9b2290
,0x4881dB999242E11d37e9A22C3C0Fe6D2452d227e
,0xCFf83e66FE5C358f87C14492F10B9850F44B270d
,0xb438D09a0311205680eAb3e45025531e241BA2EB
,0x280b8678054529974A1e4C6045366F6152F7570B
,0x909a3a753A39f6c5c004f16D8c6B666AC43305A0
,0x65e7D8a97dB1F060fb77B29bBe85307Fc81bd1B0
,0x4497c74A74cAB174524EF2b04478b86BE887F65b
,0x193f67B4634e0D3E29F3ae013dC78C88324E5755
,0xfC9D9Af3242EfAec8600ab56658D12Ae6ef8F053
,0xbA782d3a641CDa323Fe72e6968c6bb1b0eB79fB5
,0x56174cCbe864354C9c41CCFb0e279A5Bb00F77cD
,0xcC316FcdEA5656b1dB6b899B268332b396A59256
,0x0A3aec747219ecd0ed2020e07EfF0D690AC77593
,0xd874218Ca693d4960d3Da7006dC9334d49C66D51
,0x0eD54617E1E431E09A2d14f6f7e0DfFDE7Eacb14
,0xD8255308E363550A496736b580Bf4bdE40206f6E
,0x2Fdd8Bc290093363C311F0d7bbDD4DB0f1b0DaEf
,0xC94DB10C88447Cc8510bEfF94D7916Edd985F2df
,0x884052b08622AD27188236E6E12228cCc533C1BE
,0x8BceD847BB925D98FF469a2Db3Db61F97b9ebC27
,0x1a218833aaC0aC2ec8576164f4f2519c3375A7b3
,0xF773C875fFa41D91dFD25C7116115430C97C3149
,0xFB9a0FF3F63386854A50f6607B4218768c6122B9
,0xD6E360B33bC631f6A92d3Ed635801A3Ff4050211
,0x8176Cae074889d77c0a3499863e45410180f1FAc
,0x0683e3Ed2e3E09660CBbF14Df2F7AA739AD90E46
,0x01de362736f841f3ECb617B4c7923705ce3f4Bd9
,0xD1Fa0A3Cb3d7fE0bded028756c0cAC7Dac98bA58
,0xdFC38d67BfB394D6c1F416782A766372E1187ED1
,0x55e981c21Cc23e117A8e82A9a2AAd81492C2Bd20
,0xa2266Df5B84c9adaa282c9814a9064D8d2a56868
,0xac9Da4efD946Fcb32fCE3bca76D88F4Df5F316B9
,0xebBe273F49d6DBc831497051A2C69df6898d69B0
,0xf4002ad6ce3034578C21c13187BEc5Ae371E3C83
,0xDA1DC8399CDD6Ec7BF13A91647ea4E147C248981
,0xC230E61A63A596b12570a5327332d6651ee9EFa3
,0xCEe11e14c6DE0c29C22A7132f32b3a405B86D0BF
,0xB5F6B9Bed417B4658A3A07aA3d83c277860347A1
,0xBC451583dc03BA1725e708C7E1016c83E2C0d820
,0xF047649Bdc30DB1694Ecbc2c5039150c25621CA1
,0x5f97Db2696984dbB88F81CC8eFe892aCFCBD4f31
,0x3F429694BB32c916931A2e765111eF66F7D3AFaA
,0xc15C75eD05a887d4e0f7E78Df9C7d42dB01826bD
,0x56a0E8474Ebd0449D9C4ECECde93663Eed9F3c3B
,0x9138789A6e667E1FEC2c7CeD1f5d6E78ec069944
,0xE618a785B3F816B8106a01bcAB616DDf0DC94C75
,0x34d9df479d1AA431b6ae4835068F84E66f4d2E81
,0xc24f0641e1dccf7d316fF1389a3A093Ee7371FF9
,0x6B7435A883e1cCC871246ECc7efF4af9f51C5e20
,0x335584e7d0d67FB5E024C98595675BF982877f98
,0x15AF7A927147135f62F4D55738B2960c5B09c5Cc
,0x9B076B68c96eA30C1925690C2A6aB9cE754190Cc
,0x483c3074A3C51E64Fcc60c0D4Bf3EA80D8221671
,0xa0228b136c71049c6852223649c3d9Bd8340CD50
,0xFd3A3E152781FA2081AB864fE9a13F9C224C92FF
,0x4C72E7F1F5bbe0EA5293BAe1829D953d53eae6d3
,0xC4cA5D2a8427269046B02c6c94e99B323BaCb8DC
,0x265779A50eD28C9e1D3fd82c12c943fd3485D310
,0xb6A3ad5411510669536D6df623F61E833B5185b0
,0xDeA804d0430FDA1c9960A00d28e0A3bca1fF652e
,0x4ABA34c2268D401f15772389ae14b4fa8f6beB9d
,0xAE8BF56018871DBDFB2B753B053365D3E90b0b98
,0xda7c1e9A995C4bC2c384ACb8081BCAF92BBf4A7b
,0xFba66d2ac552ad8ad4F5dbba475878592b4F6384
,0x20F3522981de3988Df0FbBFAf4415DD52Cba67d5
,0x2bc1d9b2459B90e2429d24D6b3E28aA5Fa5A28bC
,0xF3855964D836917293a7Aa96724D2BFce08D5682
,0x5FBf88F0aabDBe4B861663d6f646A587a7aD7f16
,0xDF2E4736450442eB0AF6Df3322Ba6367f73E1114
,0x5Ea5d72E052190a09557C9dC4b41a09407545d90
,0x48359d671e054A9b630900dFe16eF54beE9997e0
,0xF40C7732976618B4A008251F5BdFD96dDe47C62d
,0x6CF1d1c3537E56A4F01c9cA8cFE6713e5498CB4C
,0x02B739E06CDDDBBa40deb626FcdFC02F89769A6d
,0x70Abbce77f8A042a47F3623967509de0bB5D8A33
,0xBFC6853E9F5cEDEF5Dc5A3B78d3a5fE3C62D5b01
,0xC435847b0ab6E165FA7A1Ba4DF1718d660A1a70e
,0xd788a5fb4729E96fa236cAaE5959e11100554A88
,0x1c9840b71649aB4EE0807ed18790cf1920118BeB
,0x9c9BC1403E6bA9d94D8186CDe1329d6853a31A1A
,0xdE68230B55145764657F43022AD72FDE774e9504
,0xd4bd0Ef94452Bb6A2D02e1F091D1bd0F3E9ff3BA
,0xEDc65e3311ed5C97e31fDE1Fba9636ED2362DeB7
,0xfB6A295706647543C9bfc51E374360CE22DE75f7
,0x7428eBC379Ae90882eB11E19Dce599377AA2800C
,0xa8E496738466ae45925FC02a3249dbc19331F168
,0x34ff194E4927ECAd66FA0010040A8295596Fbb7E
,0x1e8E2b592559e25B6b1401B6C8B6d0A5b2b85533
,0x4B40fE0fFdB307486DdDb425994198d185ecc65C
,0x0337ad08f0264758C0905856aaf165a9dF714B3a
,0x026c8b0e29CF4Eb98876109eEb81e70745F3c4Fd
,0x95DC05AcA9b9B5c233eE4741fB9eCda0abc32241
,0x7B8D796A1CF5742BD49Fd9A13F389cCeD30cd91f
,0x871b964F808610b3CBdf488bF204c386FDb01737
,0xd5bf9E6960eeFb5769BaAc767BB5be720BDcF464
,0x212fAe194647c9c5bE14e49331447C58acF500e0
,0x09Dd5B5e470d2aacB40513667a746cb80D42E321
,0xD7558108C302e445D6a567EfD9Ecec4466Fab0eE
,0x6F08542F7AA2d5a196127af9C71886C0ef96B0B4
,0xBFfe4EDB8aA7f2D9fedC02748fd69f6aEe6F6618
,0x47051F79738D167fa46Da956B3aC8Fc0627a290D
,0xbD4abE5563a3B21d460876E024674975A436f3aC
,0xDFFf4bE7852Bd0d9f2d7d5A8e0cA8a42564b117b
,0xA6C0d5B9CCfF97552eEb201258899567af8185F5
,0xF024639E46cA9394eE500c68A711452EbA817177
,0x25D1ae6b30a053a6650da4f668B10927B0bC1681
,0x2c84C479c114BDBFcdE678d5d7dAe8Edcac97673
,0xdd69A5E9A28d1Faa41aE6a3E30C7b8b3493dc289
,0x448c0479b133088001560ebE14aF001EaDE7d33B
,0x744bd305924f2cF6858b98f6d8BAaBF1AeFE400a
,0x73c221A2Fa723aFA2A67Eb4E9f45670009a68b2D
,0xffab7871018b69D66DFD6555046a9D469533C8f3
,0x76951D561dd9216cbDa24572C621caEb83ED6965
,0x4C83dAFB8dA67491027fc3CC5CA6053C0492C548
,0x30987Bb0BB13a690BF620Ca9165945570D605578
,0xe7eaeb673921C40F5C26FF54C2CCde466C6A0546
,0xbF21726Dbf8117A4847db7a968759a85b60789f6
,0xc46D665DF5227fE0e2F1cB0409ad92fB7Bd3dE38
,0x5730CCFD5460cc6Bac98Cb91c7f681944e4B88Fe
,0xFf53e74D1B286219310463457f35eaD82604e149
,0x5Fba9C8bc4503fa984a23cc46b265f13C74075c5
,0x72A5F8987F2Fbc047895704B73d330A7810a1Ae0
,0x2e2c1081DcC9c774184d5E19A121DfDe6d3ac51B
,0xe19097CE2FA38295BdAaBCc89c6F293fFFb47946
,0xBF1b9Abb0cd7c23541EC7A3717f3b98ffeD138a3
,0x3E583C7a744B078fc83dB7E7BdA8155Ad59fbd1A
,0xF71902a4eaC3BDe5B44ca2756A69ba3a6c20d9c4
,0x47Bf5d41deBe6F2dF40B6eDed20E6c0c4A91FBED
,0xA4549D3585ab81c76e1Edb36FBdaeD8937dD8037
,0xB5fbEe658Bd4a44991E887E20fcd604A75843e67
,0x5284aff4cF60149eb5deA699d0c05d9c8680d465
,0x25C7F6EddA2AB04493199Dd1ae7f9080326d048f
,0x3E2f1D4a374f025AA9c68f018F256B27cE4837ee
,0x44a13AF856a921010B3c9a342b0C11b3fC584Aa3
,0x1E9a7C399764BB0faFC3163D77D4CCBe9ff58A8d
,0xdc571E7ec068855965E74AA9Fa785dC65691E081
,0x06D7969eFb4bc0c6C3ad600269AbEa7FF345c15A
,0x401214a2C48a485D50Ed6f66B5aC3755C0741E39
,0xB77594F5BDB71EE572ABcD08706D5406f7E751f3
,0xfEb44Db002e9DCfFf61B6BE94a63184d249399C6
,0x6479425D0D9FcD87925237a93c2C13a0B39b84B6
,0xf94A7726c0768d4c2A788BF4561C00faa8E6616f
,0x5a590b65C3526Afc9695Fa85D6e513650A27bf05
,0x2207a6EAaDE6ffb4E77d4347e0110DA40bF9c7C5
,0xB76693599019aB71491CEa2b94c3BE016974027b
,0x1b901e4a0A62e50B660c53871f942e74e49FCd45
,0x09D66aeBbd359590b82D40004F329E66Bf86894E
,0xc971E1A75A657B99b2Ae0F4A183Fa2831e7a719F
,0x50d2D024B17769E9726CcB2BD6eB6b3Ff2b5a39d
,0x2170b39a5513FfAc124dFE03665E2bB612d4170C
,0x239d401c0De87e6475DD95b9548a39B8a4F969e3
,0x55d416f84A60b4958B2fe3E41B15b19B3F402432
,0x2D765D08f95d277943EA63E937E9cE28978B940D
,0xd0FDF113F7044947A9b79625DA21F389BD19E439
,0xAE2a7Be179BaB3599f3675EA3A2532a2BF3DC94D
,0xB8149a13a37430Ba2D237C9d6B3a5bf1e18688bF
,0x438604b4CF0ba30815aCAb9B4C76f701c52Eb260
,0x544Bc33731F7ba3DB5aCBc4A3175BE93D37A924A
,0xa9c24af05625cEb3B159Cdc55f1fb221a4633259
,0xe1c7680BD0533D11CF5BeF9899AfB8f6C17De140
,0xa4306d297178803B0bBff3b8083dA7203394695A
,0xFDE5c6300E831eAe2Bb80Df2c77B578cAFA8fee9
,0x4D19967791719618929dA689e9cDE0015F488dEB
,0x3410536Df752076e1b0b0Fae67d2dB34e396eB73
,0x4E4a040Ae6984E002d9240cE1eeD193a8Fc8Abaf
,0x8846e6E426cC201D58a7DDa56F77F7aD675e34AD
,0x42d13765F44d4f3d2D2668364599030eF52d456c
,0x5265719E601C93Fc17DeAb1F4E95Fa35cc6d49cB
,0xe100d1870FF9Bb5676bce16B911419cA64ae5095
,0x9B17715524771fd0b951f9d43e2Cce4d18241546
,0x0952076B70bC38045589C705df9Dd57e8c567920
,0xfbf9d18e5D4Abb4e3b54c25444353a9618b1Bc7e
,0x451ce71947587269b5238E51Ce851945Ab895F53
,0xB19F1A3D244332976D96BA32C76a92dec0447FDA
,0x7b79d1bb740dA0011d571E773877df6240d960Fb
,0x945E54a37A5d2D7660e511a5a8D4854E055Dfa22
,0xD5934b02fe140A8e76bB212C65Fa68e4b4AF30eD
,0x9C833D223f9327dF758c975d0335664d31c1c3B9
,0xc6d6DB32BC73B867dbdC7532B5535445729b6204
,0x3DaA0485c75B9CDAb301E306249F51C7E0C72448
,0x109f545C28e658574b4aa975B578023569692b63
,0xC32DF00448C8E257e1dDcDA179A92C7B5f6F6fa1
,0x0b9209FfEac693EFDB02dbd0833C23508d720670
,0xDfFE51C138AeE3a7962BAB049A651A066cE71c06
,0xe482b2216Dc40d2e460b281881C93f75c745820F
,0xcDAaB36A4085994C627B66C4c5a9A0fAAeca9C44
,0x165AAAb38C55C408e00A8A6D326b64d65d194b6d
,0x590d4c5454a7f9d87Feaa4831b6e62FAdDeF55B7
,0xE0043d0Cd757999890a23f1e042eD4eb4f91c3bB
,0x203E3084ACf5a919ab9f0E257256AE4d96D44945
,0x5Cf7d07272Eb6b7D9f8844bd878d83849299dc4B
,0x3c8B15a4E6958480b28815A44831CC7285591aBA
,0x9316765022F7Cc5D61659972523eB11b02EB7740
,0xB62362C371bb5bE09ffD11704C5DeAfc05e79947
,0x5786A4366f3fdD09135434C31492bDBbB573b105
,0x0Fa88Fa5738D67919545399107c79DB94e329D6B
,0xd772581e64260a9f304A719039a0d25872D5FcA1
,0x654623e98BFEA391f83520939cB0F22DDA738a1E
,0x886b77406762481F82c270E39D73E4D30395f489
,0x4Aa06738f27CA9E4e9A2d107b666A01cC0994703
,0x7cAc013b294E5a81824Eb7a717845323211d8C88
,0x41a605Bd931e03e0Dfd4275D8f689bab4a7c71a3
,0xF30D867B3EC3865C77661c4f11a6FEF7693e35EA
,0xa1466A16339Afc2FbA5ef331F40977D074EFd750
,0xE7f8fa3A59DF13aB659B9aB0a7288a83D9BFc334
,0x258E09173cF833Ca929887630C0eeE6E39806412
,0x7fe7782aDD1C17B2014F03dF578b16a052cf6A05
,0xEd6f6C898b9FA341D10d2eE1842801AD68Ee439F
,0x6d4631E50eA95c108Af7D7A466e974547E29a6C4
,0x4ebdF1E3BB1e8d0a03cf0c6c13adCbfC2126dffF
,0x99148196bB7AFFB38F8DadaeB2473AD1BB15281b
,0xFCfE7406E2C6Cb4980D5adA58d66af9A57d05Ce3
,0x1e5E853cEfDF11Cf0118019C97dB7A2019A79b4c
,0x4cF4Ab97a664D50A9bEA0de8CDC4C4Df74dD1F0b
,0xcE3bD1d9cc60eB31A2ad011A62454240b1DD8eBa
,0x09b78621e5A048Dc084c7eC4e3985Ca873d06A2F
,0xf23A7df9bdD2703120A62bC1bD6BbEa603513867
,0x9ECA212a008CFeD339d5C9c54dff815Be3050106
,0x700B75054213B849Cf9E34D9B5B528dd5c7B0BEE
,0x9c0F8408D62d4cea46Fb8720AaDEbD3306C941E0
,0xa4b2d4A6cA84895b7547Af3A36D0dE8ba96F9D0E
,0x3F4537c4D68baaE6EC48E38eDDb9247f8F3CaaEc
,0x2c1e7aF292fd29ea30562E690736a7000d7bCc7E
,0x7DaA109646F6ee8c7C8aAB4603367B508e5C98d0
,0x0ca426EcAeD9C94E11A199bf1eFE525C1C4037B4
,0x9DAd2094A12fFFc26178f0aA0787FD0e2F6f1e01
,0x6D2F9EdCa8A159e6d0068148A6b37D092c437C4b
,0x934dcA636E03d9D0F945D077154189e0e2cC920B
,0x9790a5b21A16D18e230a96cfB80dDbA7A4DdA4ac
,0xE9014059E3eD37DEE05996382ECd7AdB0D866196
,0x247f71b9D7d7BeB35faE550BdE5fa122d18c02eF
,0xab345363feD7E48a433258De73c991eFa1b5F09a
,0x75eC81FF84FCCF0f0026b10D5154CbD8B17dF19c
,0xd53C4c7861928b7AACeC102E19bBe29F40e16b3F
,0x5c0F40fA924BFf30c12A40a7f6165DaBa8033722
,0x713Fbcd7Cd6b9235A53713053D21128876b3D7db
,0xDe8D066eFd36913bAef237641B7Cbf3Ac2A073ce
,0x779B68404E778F3Ee426E3730af5399957284043
,0x0158130c1e162EDEe8375708dc3905d21F2631F4
,0x9eA6Ba3a8F2E1dfe2f5c8C41bC015112ab862198
,0x3788c29d22FF612EfC2e6CD3bbE15e58B268E9EA
,0xa337B84Ef74Adccb39F6E61c50e3c6E6599ba2cD
,0xDdea0563CAE7181Fdf844658f7c3bff33B66D2E1
,0x4Fa26e919293A8233139D84706b3Ea9c4a9E0510
,0x7a693c9DB6913530fFc6ee4f960B310e0Bb4d5F9
,0xdff78aBB836846139435F1380CB5724A5aFa0cFB
,0x75A6B3F3E96cE7903DA2914496a4aEA53e01Bd0F
,0xfE3f0892CF404518109f9dCfff384d5b922CA4a5
,0x21647A28B6CEFE5eCe570A77eBfE12bE07676Ba7
,0x720C4195E78359629949f2aab04c1481182F3721
,0x416D699D351053a7c1ad9574F3352920a788F61f
,0xf1592a70071B99fD52F769eB75F9D35e4a04B668
,0x7AB1baad13B00fb95030061cBC4F08BC2cfA60c8
,0x87fB70588BDe1dbcF212b4C945198851B7A9aF1b
,0xD76A2C16C14479aD043C0CB153fDC155237af643
,0xc3214d7dB8548f20fbc1995f334EbF3a7744F7D1
,0xa7f0CAf6BACE2fF0fB5Ed748a2CB15e6A9436e10
,0x800B079373eDF2D13a90FB476126C20c6f7A95ca
,0xfad9B796b86DbCbdb146048625F55F55f1818Bf0
,0xA4cFE1A81503aC3341cC6391b61f2FFF75DE9a83
,0x946FAc9987FD7877598A16512846C3f7cD24B0Fe
,0x2dB626a133684c79F275953F510DDAF5f30E428e
,0x9b11e024EBb7C0f5B3c5d8D6A428907771e1d8C2
,0x3BFa7b333065429Cd6ff4B0F034511b6ACcC4B55
,0x9658F01301349EFF9Ec21BFaf805c06e2Ec343aa
,0x45b18997b5BbFdf3faC3EC365893eC067566791B
,0xeA45E8dF9f23BEfF3B4fa394986d0aE2834EEcCD
,0x49368768Af2e661CAb1E72B8247CAB0ec54EB486
,0x16E1B463CDEc1260814870968f02d9433b69e142
,0x6dfDD37d6F9Aa32d39Daca1EB8790De80FcF88F0
,0x5DB83aECF3E5E24eAcC0675cE3082832d33E3025
,0xB7CBdBf6Fc27F9fBd8c5F3703b16106c2B33CF09
,0xE40C07B7488deB256509f3BfD0F6fcBA1a4A4D0a
,0x16F2211e11b708a48F81dFea2014376671c9cE8f
,0x573f7A73d6174eF3d89851Ecbb56c4Eb040A8C70
,0xff78bD8230070c1EF4242dE9932536884e836465
,0x8B0A4a66fE465126bd16d3EF423a90E81608502B
,0xc47da35311f6a5593455e4c4cCF45FA56C34Ffa9
,0x15CA4f1dd859226F335C971692477EeB4aA58FaD
,0x23E2336e395262469df1656CDC7e792818A159Db
,0x6d6136e0069445bDfbB9c5019b5D17690C71b793
,0xB6091A79d7E610418535090faF3F10C41780065a
,0x9528aEf2DfE973E4b9294fD55aB170d378f23901
,0x000Ce808baC4b570ddBa928093A3e4aDDE35dba4
,0x11fb5df5311a9FCe16ab7164A42a64a59338bB1a
,0x518294FfA6C9e400482bb2CB6091eD57f036aA2b
,0xe56033EB651D63f962C91769b33b5a145d4423e7
,0x8fd701a3187b7c03deb70320f7142CD09a6d9496
,0x5B52e24F7C210f131C2B5F8D8AD71b7A6327190B
,0x9E72e7CD96d60BafA3803E300c214a2D9ADec7ad
,0x2112E3bdFacCf07a60acf7D0965F69CfAD62c323
,0x87bFb492E5135d3d9e0646F37027d864FC16C571
,0xAeB32d7eb90162249883343486BfE31774955C53
,0x607D501c0214470FE98D6436Fc955ec91D818D06
,0xEda09c9a4247c0aC78476CbE95Faac3381F889d6
,0x1Eb847CB5cc6C416c3a4721506700246a9a1ec31
,0x8ab2a1F40A4CE9b43B8E2ceC5659befae5E20269
,0x432050e85b84E0667ef39320fF0589Ff5580f07d
,0x1Df94256fFb10C64920B840A51530eEd68471ADd
,0xA2dAc9d5Bfc45ebF577ad9f4b4811e1395451282
,0x70346B7C5f44fe9AD87948e3934C12c2d166053D
,0x44BC2A86f1DE0f3f7A1cC05722736266b557489f
,0x10860e757c760a694219074081ea01987850Ea91
,0x41688756Fe799e30f0283A2461aC8d90e044c4Ba
,0x31630422314c467bD257529fC19e51Dd695F8619
,0xA43a8D1d2B83a78cEC9D6Ec4c4630cb754627739
,0xD6C9C4C972b4CC7D8bf6c1A1371b382b140A6B67
,0x0Fc87406a806e498C12C71d25b4a608443b3030F
,0x9A2553A538D32DCbb9434E82172683F22Db3bf42
,0xFd8Af44eacb3036ebeCACD87Dc1EF5AFEfCC14a0
,0x6cCaAAFD7974053531Ef7ee11ed561211c5F2702
,0x2F9Fd48Cf3d964d35C00F8B23eFEB33E0E355606
,0x10BAEfe46C7816aee433899476bD1D57f478Dc05
,0x0bf3093D5B248ed4ca85DBB3190E50A894a19282
,0x6C22f4fBC039a9887208ad23Dd2ff1E1c66A1b76
,0xbCF89cb214B1Ee35AC2e085aD12a70bA1966DB64
,0x624a251025B4A7e4EDb237963f78E8a7bC354ff9
,0xAF4aD470bD3c16bFf93c15EBD4E6ebd030EFa513
,0x8b209aF58467298929e1AC5716B94956B2F9B79a
,0x03CeA83944025191cEF1c34c1b1B5C1f227130ba
,0x41BD741eC4A97583f4e79875943B28b4F2164b5f
,0x76037E73F974635EE5C620d32Ba97DDF8CB07E9B
,0xD5966eaddf3C49De30569d65D2f0De6F31Da1c30
,0x013dD9ce3ED0D5B8113f4feEC9cb1FF2e9d26863
,0x4b0E2a462CA18b592d218c546eD16880bde0Ab75
,0x82146141e7e4CA1Cf33ed5d0c5b86232E179A11A
,0xAdF3cAF3e88db00F1CE176844C05dcbD1f14ae4e
,0xB79bDC3bc5AA72F698f4f2e55970f9057D7DD1eC
,0xF8d6c70EdE8a2775c1f7f570F6fD5fFf6c490233
,0x1Ab6928B8040D4fF8523147706d3E2911B2853a2
,0x2283224379704c8aF9A22b8F7611b44Cdd25c095
,0x8EA40519e4bb9B7aF421179C667a49F671b28Cc7
,0x11030543eAe99085dB7ae592D191D357f07Ab6b1
,0xCD54642D620F4BcCbE496E08Eca6242b87976223
,0x99F7A19e668aE6d29a94769e95b7EE849df68BFE
,0xE3F409E0Af901f15c94158a3207Cb3E341baF057
,0x1d90ab98A6833653c7857333E68f9b75EAD1751C
,0x6738E5121fbA22e1bdA9Ed0220f89A108B245662
,0x22F194870b681c08E34E43ec746FbCbF6509A905
,0x2ddC4C621220659e865EA847336E4740982054AD
,0x5aFEb50EB66f1e70AE2ffb5971d509bDa07f2844
,0xFa589bBf30A45CC764bb9d48cE1c3AFF33E7e3d8
,0x93ea2541B50dc2112bdCc69226927BBbb450EA83
,0xFe3D4fDc00313A7D8734176010E5D36703CcC27c
,0x6Bc635EA5800ebb13C217E2E77E0aEF470bF7511
,0xA9BA4534267d95ca80CeB077E93D2E53Bee391C5
,0x6CfcE88c6601A1D1a3D9775dD68a91a52bd5a820
,0x40797A91A72737976AF6fE5673b4e07868C3b120
,0x5555918045a1E41dAFa529De44e8cBa66f06A084
,0xA8CBfC5532cad21C0826279baa9ED85867163Ad3
,0xb8e75067313511770D83FBFA26674D91d4d7690f
,0x56F764d849FEB2a81d8edCdEA9CCC1A0842989E1
,0x85029803FACeC93C57EfE8666eaba9e89CC63271
,0xd89a74AEa659d1eB1da674685CA033349F87917D
,0x522e0d8032C9A000D02749C675C7d524B96bD1b2
,0x0460652932954B39EeA1a6dDB265b5260f2d0f9f
,0xD51B882572aB859CB1f1e3a2c704D441Da198ee8
,0xbe4cDF7D14bAfcDc26D9913afc3A77cf81CEffE6
,0x157Ec5c277c5357E26cFF8Bd7b371C0847AB1e41
,0xa7aDe08d5B2F1F748D07751693116f6cf27083e7
,0x113C913Bc9bAb7896195D77E037f572f327D6db9
,0x9e6A6bcDa26f7a77c1e658270cb367a5D65EcB31
,0x3e503E921298C0Bf96F3A6D8083F32b561d55A97
,0xdcAd7AeaFC005ffa028904a94D7E5d758DC84a54
,0xbcAD5E151f1D29349C84697EB02c2569c12b0376
,0x36404A00ADA721b74Fb90085068b7D9D8142BC97
,0xDee45bb07C7825902fe3cF262290E136b91cC6AA
,0xd346531D2072578A20f8B49cf4Ada7bd05589457
,0x6BBd83382e96Cb6F6A934c34836A6dB1D9D41633
,0x18FCBffB3cB9cac9E8DF204285E0eAF72b878D4D
,0xb80d1033D485a0C59d3357Dfb1517F5d7FD2D01E
,0x34f5534FAc5FE8d068dBC95f3475C4d452D41D75
,0x1263D8Bd2828fEccAd3191c84A0cC8a586caC657
,0x0F7dcE2f2e1A2Ba32D2b7289dA834D87e3202A4a
,0x8f405d66D2298e90Bfa52C20d66eA9F695Ba687C
,0x8b86B6393E04ea1cdB5E9fF6C297C1dc4Cc43871
,0x94b89e3193D161Db09f7d423231048585326B5B0
,0x5aC4F86805dB8C64EdF9098CE28F6E106CF84A42
,0x0119f4a3B4C673647eB3813b49b6109c0D214091
,0xA927d1c0b40b4179e1062065DDb6Aab225DB833c
,0x5048B2D795a5f89BD6b369706370A3837861d662
,0xf2F9cB286C95dBc75263C6b788D79b0557E1785C
,0xe6D0E6a5917ae3F705701a712F1704C19809d74a
,0x987DA8df2e1D3c8c38C14D451b58a75b8550DF8b
,0x1B74B46D39DDBFb7D643DCa37D0b4BfFDe4e28ec
,0xFE042b1Aeb471CFf2e1A6709E5682533D19CbCc7
,0x3bf1d9ff6E5595f685C65bF7a9d38A69C26aA287
,0x88eeb66Ee91aF09018d72Bff1657E031D14e7508
,0x83bea1f3d6aEAe769e52C361E18A068D8B8ac56F
,0x2C182A1319B9E9C7D4300456fd4B8CA18831f89F
,0x90364783bf833BAD374B77daCF5862857aa1E43b
,0xEE665015cCD721b51B62B79E36f222d6FFF75577
,0x33E1B43ffF4D2138A5FD9786DC96994d044d0daB
,0xc58B8a8f284cb827c45eBB1BF6b57Ac4CBc3dF04
,0xC5250939aB0E1aAF6680D54A2b2154e59a43871e
,0xE7220D45c875f9db83638CC9A4262A3CE6512347
,0x29FBeEc862D09dA28A213Ae69666844662ebA3F8
,0x22a8D39eF6B62B76A8Eb8F16116F57AC061a4c97
,0x3247dDC0682D3084020722B88aa7fdbf9cE8BD6A
,0x2DB4351225f4f28a692c14d68e45068b4998CF4b
,0x6FF5b3dA62784f85f8cD47D1b23df2611341697f
,0x9C102c340dB176C87C3460D478Cbdb9603FaC261
,0xd9220628480F074Fe8D1d9A493C0369E6C4FEf0A
,0x016DA1C8B02Ff606738A9DacF54a0B62094C954f
,0x2aB6E0CA5c9DEE8CB9e3D743A66b824aC0A4a0DD
,0xD4CFF5248DA8727F408967351642fCE6fd520F4c
,0x4cB75146e98562C9d79b31649C6C739e4DCB7CD5
,0x795a5a6ED365111a62B0d8db7125d8FF95Ba0310
,0x5e60b0140F8D37b1B1ea09c9Cd8fE2F1f44D5D4c
,0x5F801BdCDC1107C54A2FAdD2B1C4AB278Ba1740C
,0x151b4992186201EDDEb1aB05aE80c737733b9ae9
,0xBCa9328987a3e545Bf3C14b7091B535540Fd0BBf
,0xc59647C3F5e8ED48c500DcBa5fC01b6562dC93E5
,0x3F24e93f844396A8000A9F8Ea36fB9f0A01CEa3e
,0x8055D4602014737c027D3178929C569083601a8d
,0x59C9Fdf67a4E2Fbe18C0bC7d58F40f605B05b1A4
,0xaf5D875BF478d0b5Facf95fE0BBa05Ef75877eFF
,0xEab804590011d0650FcB6c4Da1870C6e9ca062D1
,0x46255340215a37A5Ef4d5b0f4D7Ebae7FA5Ef238
,0x3Fedf433F82332bf096b66161645d0D15D1FC884